,id_user,id_post,date,time,half_day,views,reposts,likes,comments,id_post_origin,link_clicks,donation_tag,donation_val,house_buy
0,672702,638779430,09/11/2017,07:53,am,2,18,0,0,0,True,False,0,False
1,474227,953043456,09/11/2017,02:03,am,36,11,16,1,0,True,False,0,False
2,587566,650889385,09/11/2017,02:57,am,59,11,8,1,0,True,False,0,False
3,483543,144265898,09/11/2017,11:43,am,21,14,9,2,0,True,False,0,False
4,394103,955542283,09/11/2017,04:53,pm,16,3,2,0,638779430,False,False,0,False
5,866330,723527339,09/11/2017,11:16,pm,23,8,6,0,650889385,False,False,0,False
6,537720,662638612,09/11/2017,07:56,pm,31,10,7,1,144265898,False,False,0,False
7,993508,547874736,09/11/2017,08:15,pm,39,8,3,2,638779430,False,False,0,False
8,695586,823986367,09/11/2017,03:38,pm,7,8,3,0,650889385,False,False,0,False
9,391533,938483485,09/11/2017,09:41,pm,66,7,23,3,638779430,True,False,0,False
10,884135,855036767,09/11/2017,04:00,pm,31,11,3,0,638779430,False,False,0,False
11,386018,948983044,09/11/2017,12:12,pm,17,6,4,0,144265898,False,False,0,False
12,275395,814088954,09/11/2017,00:50,pm,7,2,0,0,144265898,False,False,0,False
13,715640,367474713,09/11/2017,12:42,pm,74,6,11,5,638779430,False,False,0,False
14,517595,997125666,09/11/2017,08:12,pm,143,10,71,8,144265898,False,False,0,False
15,848006,972167608,09/11/2017,01:21,pm,121,11,36,7,953043456,False,False,0,False
16,945861,774651272,09/11/2017,10:07,pm,68,7,27,6,638779430,False,False,0,False
17,937222,991154137,09/11/2017,08:41,pm,183,6,36,14,953043456,False,False,0,False
18,552361,834132714,09/11/2017,02:35,pm,43,7,15,3,953043456,False,False,0,False
19,717039,509376048,09/11/2017,12:21,pm,43,5,17,0,953043456,False,False,0,False
20,485673,844989061,09/11/2017,00:01,pm,32,12,14,2,953043456,False,False,0,False
21,635537,156553588,09/11/2017,04:12,pm,153,8,30,3,953043456,False,False,0,False
22,575965,206521432,09/11/2017,00:10,pm,33,5,9,2,638779430,False,False,0,False
23,428655,760062606,09/11/2017,10:46,pm,87,14,4,6,953043456,False,False,0,False
24,589484,297176418,09/11/2017,08:13,pm,76,8,11,0,650889385,False,False,0,False
25,469342,620222338,09/11/2017,00:10,pm,158,10,31,15,144265898,False,False,0,False
26,925025,194393365,09/11/2017,05:20,pm,67,10,13,6,638779430,False,False,0,False
27,428588,553535281,09/11/2017,07:38,pm,72,7,3,3,638779430,True,False,0,False
28,476754,566723761,09/11/2017,03:40,pm,62,2,24,3,144265898,False,False,0,False
29,400938,975701606,09/11/2017,03:01,pm,20,6,2,1,638779430,False,False,0,False
30,775358,185596874,09/11/2017,08:34,pm,24,9,3,1,638779430,False,False,0,False
31,141531,607336548,09/11/2017,10:07,pm,5,7,1,0,144265898,False,False,0,False
32,161027,316758859,10/11/2017,01:29,am,3,5,1,0,194393365,False,False,0,False
33,715764,841277331,10/11/2017,01:12,am,49,4,22,2,607336548,False,False,0,False
34,781866,209759310,10/11/2017,10:19,am,43,3,10,1,607336548,False,False,0,False
35,821109,528056848,10/11/2017,00:51,am,142,5,42,7,297176418,False,False,0,False
36,697079,272150657,10/11/2017,10:00,am,123,11,6,6,638779430,False,False,0,False
37,585116,549129359,10/11/2017,10:24,am,110,10,22,5,723527339,True,False,0,False
38,687041,443954067,10/11/2017,09:35,am,83,4,4,2,834132714,False,False,0,False
39,948721,859940920,10/11/2017,03:31,am,40,2,10,1,855036767,False,False,0,False
40,819950,501751257,10/11/2017,06:59,am,4,6,0,0,650889385,True,False,0,False
41,559763,936840513,10/11/2017,04:40,am,53,6,23,0,774651272,False,False,0,False
42,676277,563304812,10/11/2017,10:25,am,13,6,3,0,955542283,False,False,0,False
43,326558,483162561,10/11/2017,11:21,am,37,3,16,1,194393365,True,False,0,False
44,442951,941692231,10/11/2017,09:20,am,7,1,2,0,760062606,False,False,0,False
45,122680,258198047,10/11/2017,07:03,am,108,3,27,7,297176418,False,False,0,False
46,650485,482236108,10/11/2017,04:29,am,47,5,16,2,297176418,False,False,0,False
47,528216,284279093,10/11/2017,06:07,am,117,3,58,2,972167608,True,False,0,False
48,141770,884757929,10/11/2017,01:39,am,18,1,5,0,760062606,True,False,0,False
49,115703,586288334,10/11/2017,04:17,am,68,4,23,3,997125666,False,False,0,False
50,451532,215885449,10/11/2017,03:44,am,91,5,4,0,566723761,False,False,0,False
51,204898,466555555,10/11/2017,00:02,am,37,4,7,2,760062606,False,False,0,False
52,662899,564289268,10/11/2017,08:30,am,78,3,35,7,156553588,False,False,0,False
53,921629,562296983,10/11/2017,12:37,am,85,3,8,2,948983044,True,False,0,False
54,573270,210817164,10/11/2017,10:34,am,49,5,17,2,185596874,False,False,0,False
55,915062,833466198,10/11/2017,02:23,am,198,6,59,7,972167608,False,False,0,False
56,969609,790140143,10/11/2017,12:41,am,85,7,25,5,844989061,False,False,0,False
57,965368,447831297,10/11/2017,03:53,am,103,4,20,10,834132714,False,False,0,False
58,817185,766172323,10/11/2017,01:15,am,47,6,7,4,938483485,False,False,0,False
59,530725,477719920,10/11/2017,07:51,am,28,5,7,2,194393365,False,False,0,False
60,262830,624467407,10/11/2017,02:38,am,148,4,59,10,662638612,False,False,0,False
61,521787,254129840,10/11/2017,05:05,am,42,2,21,0,938483485,False,False,0,False
62,184496,704684579,10/11/2017,08:03,am,183,5,9,12,509376048,True,False,0,False
63,581262,967858644,10/11/2017,06:34,am,147,8,29,4,144265898,False,False,0,False
64,196838,484342250,10/11/2017,09:04,am,118,5,17,11,607336548,False,False,0,False
65,454840,623471714,10/11/2017,02:04,am,133,5,46,10,297176418,False,False,0,False
66,516280,349104683,10/11/2017,04:21,am,140,10,21,1,975701606,False,False,0,False
67,844369,514269244,10/11/2017,01:54,am,223,1,33,13,823986367,False,False,0,False
68,143795,229197977,10/11/2017,12:55,am,91,5,45,6,144265898,False,False,0,False
69,423708,242986464,10/11/2017,01:02,am,73,3,36,6,855036767,False,False,0,False
70,807917,960427462,10/11/2017,03:43,am,100,3,50,9,638779430,False,False,0,False
71,739698,886561532,10/11/2017,04:30,am,150,4,52,1,997125666,False,False,0,False
72,286227,138868942,10/11/2017,04:48,am,41,6,14,2,607336548,False,False,0,False
73,605314,581400104,10/11/2017,00:27,am,117,1,52,8,953043456,False,False,0,False
74,369635,168880998,10/11/2017,10:36,am,41,6,16,0,509376048,False,False,0,False
75,502475,538599582,10/11/2017,04:15,am,12,2,4,1,553535281,False,False,0,False
76,981878,696209999,10/11/2017,04:13,am,246,3,73,9,723527339,False,False,0,False
77,776332,804358914,10/11/2017,05:08,am,150,3,52,15,774651272,False,False,0,False
78,187470,661129264,10/11/2017,06:59,am,94,1,18,0,991154137,False,False,0,False
79,872362,497461821,10/11/2017,04:12,am,82,8,32,0,997125666,False,False,0,False
80,698284,837897837,10/11/2017,08:50,am,16,5,8,1,991154137,False,False,0,False
81,630595,177174039,10/11/2017,01:54,am,13,3,4,0,834132714,False,False,0,False
82,371850,218140241,10/11/2017,06:18,am,114,1,17,9,855036767,False,False,0,False
83,746200,996623073,10/11/2017,05:11,am,354,7,35,7,367474713,False,False,0,False
84,280404,645295372,10/11/2017,08:11,am,92,6,46,3,774651272,True,False,0,False
85,977126,650339957,10/11/2017,07:46,am,70,3,14,2,975701606,False,False,0,False
86,387828,443900459,10/11/2017,08:01,am,40,8,4,3,650889385,False,False,0,False
87,529111,740498404,10/11/2017,00:32,am,142,5,42,9,553535281,False,False,0,False
88,667654,548658496,10/11/2017,12:19,am,180,4,63,9,156553588,False,False,0,False
89,451416,781113360,10/11/2017,03:33,am,141,10,28,2,662638612,False,False,0,False
90,505472,459673654,10/11/2017,06:42,am,198,5,99,17,620222338,False,False,0,False
91,466531,377618848,10/11/2017,02:23,am,87,8,8,0,955542283,False,False,0,False
92,738571,308577497,10/11/2017,08:58,am,49,5,4,4,547874736,False,False,0,False
93,306222,797882521,10/11/2017,06:07,am,45,10,22,2,297176418,False,False,0,False
94,854563,154473010,10/11/2017,11:43,am,77,1,3,1,547874736,False,False,0,False
95,776485,512810770,10/11/2017,02:59,am,33,4,16,0,823986367,False,False,0,False
96,382867,506400287,10/11/2017,10:44,am,54,7,18,3,814088954,False,False,0,False
97,196644,522292224,10/11/2017,02:48,am,67,6,3,2,367474713,False,False,0,False
98,736802,468629811,10/11/2017,04:39,am,152,4,60,10,185596874,False,False,0,False
99,495677,330127374,10/11/2017,02:48,am,387,2,174,38,823986367,False,False,0,False
100,924939,263883295,10/11/2017,03:00,am,81,4,8,4,553535281,True,False,0,False
101,132940,382527955,10/11/2017,06:00,am,107,6,10,8,194393365,False,False,0,False
102,637733,601917016,10/11/2017,03:48,am,195,3,29,13,997125666,True,False,0,False
103,517672,145497977,10/11/2017,04:31,am,150,6,45,7,620222338,False,False,0,False
104,833433,156950377,10/11/2017,10:58,am,103,6,5,4,367474713,False,False,0,False
105,973580,303151676,10/11/2017,03:34,pm,167,5,50,8,760062606,False,False,0,False
106,478278,852878856,10/11/2017,06:15,pm,175,3,70,3,194393365,False,False,0,False
107,706084,128266347,10/11/2017,01:53,pm,153,1,38,1,210817164,False,False,0,False
108,523346,247310624,10/11/2017,09:15,pm,19,6,4,1,215885449,False,False,0,False
109,737606,922389702,10/11/2017,11:24,pm,24,1,10,1,936840513,False,False,0,False
110,711657,741397487,10/11/2017,07:20,pm,157,7,39,9,377618848,False,False,0,False
111,458905,676822549,10/11/2017,11:40,pm,3,1,1,0,242986464,False,False,0,False
112,804255,654813293,10/11/2017,09:13,pm,25,2,10,2,168880998,False,False,0,False
113,782219,407177115,10/11/2017,05:53,pm,8,0,2,0,936840513,False,False,0,False
114,404691,712030628,10/11/2017,11:47,pm,40,2,4,2,997125666,False,False,0,False
115,706549,250479746,10/11/2017,11:43,pm,55,5,13,2,790140143,False,False,0,False
116,608837,499647234,10/11/2017,06:26,pm,137,5,34,13,145497977,False,False,0,False
117,707038,222885132,10/11/2017,07:58,pm,4,2,1,0,650889385,False,False,0,False
118,922261,962895245,10/11/2017,07:34,pm,148,4,29,5,447831297,False,False,0,False
119,623520,657878250,10/11/2017,11:08,pm,113,8,33,6,997125666,False,False,0,False
120,121188,775238146,10/11/2017,05:21,pm,195,7,97,1,696209999,False,False,0,False
121,402299,914472279,10/11/2017,07:51,pm,61,3,3,0,156553588,False,False,0,False
122,229752,702362799,10/11/2017,08:37,pm,51,4,2,3,483162561,False,False,0,False
123,925110,494487821,10/11/2017,07:59,pm,76,3,19,6,797882521,False,False,0,False
124,624523,294266062,10/11/2017,03:16,pm,138,4,6,5,272150657,False,False,0,False
125,914605,458779351,10/11/2017,01:30,pm,112,5,28,2,528056848,False,False,0,False
126,741911,789592835,10/11/2017,09:29,pm,0,4,0,0,258198047,False,False,0,False
127,801766,603624418,10/11/2017,12:35,pm,32,3,14,1,548658496,False,False,0,False
128,442474,810913610,10/11/2017,01:52,pm,78,4,7,6,938483485,True,False,0,False
129,960552,993171452,10/11/2017,10:50,pm,57,2,19,3,466555555,False,False,0,False
130,575243,658672846,10/11/2017,04:39,pm,162,2,56,4,650889385,True,False,0,False
131,581603,810961247,10/11/2017,09:01,pm,16,6,5,1,760062606,False,False,0,False
132,291784,948942202,10/11/2017,05:19,pm,44,6,15,2,650889385,False,False,0,False
133,776522,241597185,10/11/2017,00:41,pm,0,5,0,0,797882521,False,False,0,False
134,800337,804609254,10/11/2017,05:02,pm,42,5,6,1,547874736,False,False,0,False
135,279345,790202097,10/11/2017,11:56,pm,76,3,3,5,194393365,False,False,0,False
136,158121,949444650,10/11/2017,11:44,pm,39,5,13,0,760062606,False,False,0,False
137,596136,122648031,10/11/2017,06:02,pm,66,8,29,5,185596874,False,False,0,False
138,552901,631042121,10/11/2017,09:32,pm,134,6,53,8,886561532,True,False,0,False
139,975501,285878764,10/11/2017,00:44,pm,45,2,18,3,497461821,False,False,0,False
140,381491,947238913,10/11/2017,11:08,pm,24,2,7,0,242986464,False,False,0,False
141,448099,715264412,10/11/2017,00:54,pm,151,1,22,4,156950377,False,False,0,False
142,729430,815116470,10/11/2017,10:52,pm,67,4,26,5,272150657,False,False,0,False
143,561062,473755917,10/11/2017,10:23,pm,63,6,12,3,484342250,True,True,10,False
144,284776,403624757,10/11/2017,08:52,pm,110,3,16,6,790140143,False,False,0,False
145,874103,861841481,10/11/2017,01:14,pm,61,3,3,3,484342250,False,False,0,False
146,179623,654064543,10/11/2017,10:34,pm,21,2,5,0,466555555,False,False,0,False
147,617211,213969073,10/11/2017,01:28,pm,80,3,20,4,297176418,False,False,0,False
148,718196,734673283,10/11/2017,05:23,pm,128,3,64,11,459673654,False,False,0,False
149,519940,271827095,10/11/2017,07:47,pm,43,1,10,0,855036767,False,False,0,False
150,622059,924809354,10/11/2017,00:18,pm,118,3,17,5,623471714,False,False,0,False
151,613436,871739538,10/11/2017,06:20,pm,10,4,5,0,443954067,False,False,0,False
152,861864,999485930,10/11/2017,08:33,pm,41,8,20,1,443900459,False,False,0,False
153,112270,831943790,10/11/2017,10:26,pm,73,2,25,2,841277331,True,True,15,False
154,621877,910321924,10/11/2017,02:10,pm,6,1,2,0,704684579,False,False,0,False
155,273301,139299450,10/11/2017,10:34,pm,244,5,109,12,506400287,False,False,0,False
156,208722,490392689,10/11/2017,11:58,pm,80,5,12,1,330127374,False,False,0,False
157,676817,829660995,10/11/2017,12:14,pm,19,0,4,1,144265898,False,False,0,False
158,268977,283096556,10/11/2017,03:20,pm,132,4,52,11,844989061,False,False,0,False
159,906378,383374723,10/11/2017,11:00,pm,35,4,14,2,623471714,False,False,0,False
160,208433,921790609,10/11/2017,12:57,pm,108,4,48,6,781113360,False,False,0,False
161,257680,941146322,10/11/2017,02:51,pm,178,6,35,10,308577497,False,False,0,False
162,758661,741388796,10/11/2017,03:00,pm,128,6,64,1,548658496,False,False,0,False
163,290214,596332390,10/11/2017,00:45,pm,92,3,27,5,477719920,False,False,0,False
164,281393,624251203,10/11/2017,05:50,pm,57,5,14,0,645295372,False,False,0,False
165,277461,926144922,10/11/2017,09:18,pm,94,4,14,8,553535281,False,False,0,False
166,606253,726535575,10/11/2017,06:07,pm,118,3,5,3,206521432,False,False,0,False
167,738818,379883730,10/11/2017,10:18,pm,83,0,33,4,168880998,False,False,0,False
168,523278,351266880,10/11/2017,05:56,pm,4,5,1,0,623471714,False,False,0,False
169,856885,835954508,10/11/2017,10:31,pm,74,3,25,2,760062606,False,False,0,False
170,888662,606349815,10/11/2017,11:10,pm,37,5,7,1,837897837,False,False,0,False
171,803362,455703658,10/11/2017,03:30,pm,84,5,16,0,210817164,False,False,0,False
172,653177,738239742,10/11/2017,12:19,pm,225,2,90,2,501751257,True,False,0,False
173,441766,768477389,10/11/2017,10:58,pm,191,3,66,17,620222338,False,False,0,False
174,206592,494008546,10/11/2017,07:40,pm,113,5,56,11,468629811,False,False,0,False
175,850055,260007214,10/11/2017,11:14,pm,114,5,51,9,650339957,False,False,0,False
176,193931,609475176,10/11/2017,09:12,pm,22,2,3,2,514269244,False,False,0,False
177,866991,339717497,10/11/2017,02:37,pm,75,2,26,3,823986367,False,False,0,False
178,134313,723474042,10/11/2017,00:33,pm,189,5,85,3,185596874,False,False,0,False
179,524484,536837952,10/11/2017,02:41,pm,66,4,26,3,349104683,False,False,0,False
180,660204,411715600,10/11/2017,09:34,pm,157,3,62,6,586288334,False,False,0,False
181,345488,569238009,10/11/2017,03:39,pm,48,4,16,1,512810770,False,False,0,False
182,997240,496572091,10/11/2017,06:52,pm,121,3,30,7,482236108,False,False,0,False
183,803290,612825154,10/11/2017,09:17,pm,65,2,22,3,272150657,False,False,0,False
184,753504,702870969,10/11/2017,04:58,pm,32,2,4,1,377618848,False,False,0,False
185,357897,140130777,10/11/2017,00:49,pm,111,2,11,5,967858644,False,False,0,False
186,126622,994778645,10/11/2017,01:00,pm,84,4,16,4,185596874,True,False,0,False
187,427788,487917912,10/11/2017,02:38,pm,28,3,8,1,563304812,False,False,0,False
188,664234,135923573,10/11/2017,01:40,pm,58,0,11,1,996623073,False,False,0,False
189,987123,778677733,10/11/2017,03:05,pm,159,3,63,1,528056848,False,False,0,False
190,682562,122672744,10/11/2017,03:30,pm,174,3,34,5,549129359,False,False,0,False
191,335675,572056570,10/11/2017,03:12,pm,63,6,18,1,156553588,True,False,0,False
192,427505,603361637,10/11/2017,09:16,pm,37,4,16,1,620222338,False,False,0,False
193,613101,438689337,10/11/2017,08:21,pm,130,2,19,7,760062606,False,False,0,False
194,178697,550527352,10/11/2017,04:56,pm,96,1,14,2,185596874,False,False,0,False
195,912776,890181965,10/11/2017,01:42,pm,38,3,3,1,886561532,False,False,0,False
196,322073,185620661,10/11/2017,09:51,pm,27,4,13,1,194393365,True,False,0,False
197,631071,487590998,10/11/2017,01:09,pm,114,3,39,5,308577497,False,False,0,False
198,852740,595892317,10/11/2017,00:50,pm,3,2,1,0,377618848,False,False,0,False
199,809776,359070842,10/11/2017,04:57,pm,31,1,4,2,144265898,False,False,0,False
200,803207,336294371,10/11/2017,04:22,pm,55,2,13,2,967858644,True,False,0,False
201,253917,884905964,10/11/2017,07:24,pm,143,4,21,12,972167608,False,False,0,False
202,854783,468349702,10/11/2017,02:37,pm,68,5,17,5,477719920,False,False,0,False
203,622947,573845634,10/11/2017,02:23,pm,30,3,6,0,740498404,False,False,0,False
204,689323,362834953,10/11/2017,11:21,pm,53,3,18,3,960427462,True,False,0,False
205,197702,640432122,10/11/2017,10:46,pm,24,3,2,1,272150657,False,False,0,False
206,581763,611594614,10/11/2017,05:01,pm,57,1,5,4,662638612,False,False,0,False
207,773292,316855107,10/11/2017,08:14,pm,18,2,6,1,662638612,False,False,0,False
208,288877,113859582,10/11/2017,04:39,pm,73,3,21,4,953043456,False,False,0,False
209,628113,630547142,10/11/2017,02:07,pm,146,5,21,7,297176418,False,False,0,False
210,876782,677010619,10/11/2017,08:13,pm,199,4,99,9,662638612,False,False,0,False
211,409173,350698529,10/11/2017,04:34,pm,115,3,28,10,156553588,False,False,0,False
212,992773,681465236,10/11/2017,01:06,pm,117,4,5,4,156553588,True,False,0,False
213,980289,976988154,10/11/2017,02:39,pm,17,5,4,1,844989061,False,False,0,False
214,332859,131451809,10/11/2017,01:35,pm,67,2,33,4,645295372,False,False,0,False
215,229479,654429290,10/11/2017,00:48,pm,99,5,4,7,723527339,False,False,0,False
216,523927,663594931,10/11/2017,11:22,pm,34,5,11,1,948983044,False,False,0,False
217,704942,859966582,10/11/2017,09:06,pm,95,5,33,8,443954067,False,False,0,False
218,696909,940077636,10/11/2017,06:02,pm,58,3,8,5,330127374,False,False,0,False
219,922557,664222145,10/11/2017,07:51,pm,25,5,11,1,760062606,False,False,0,False
220,812696,921278956,10/11/2017,07:10,pm,0,1,0,0,308577497,True,False,0,False
221,451730,999695876,10/11/2017,00:31,pm,17,5,2,0,797882521,False,False,0,False
222,583710,860433462,10/11/2017,08:36,pm,194,7,77,19,766172323,False,False,0,False
223,743089,422441945,10/11/2017,04:41,pm,92,2,32,8,844989061,True,False,0,False
224,125681,979135084,10/11/2017,05:01,pm,65,3,22,1,382527955,False,False,0,False
225,589085,949017800,10/11/2017,12:59,pm,161,2,72,12,975701606,False,False,0,False
226,893017,150444693,10/11/2017,06:56,pm,171,3,17,10,948983044,False,False,0,False
227,704482,404169788,10/11/2017,07:10,pm,52,5,5,1,955542283,False,False,0,False
228,350288,502507033,10/11/2017,05:28,pm,13,2,5,0,138868942,False,False,0,False
229,680739,916814186,10/11/2017,05:11,pm,1,5,0,0,316758859,False,False,0,False
230,945077,587389412,10/11/2017,01:39,pm,102,1,45,2,215885449,False,False,0,False
231,788386,247293529,10/11/2017,05:17,pm,224,4,11,20,263883295,False,False,0,False
232,794930,534828055,10/11/2017,04:43,pm,46,2,2,4,844989061,False,False,0,False
233,606925,260460335,10/11/2017,09:16,pm,217,4,43,19,459673654,False,False,0,False
234,531045,371802022,10/11/2017,11:58,pm,167,3,75,13,960427462,False,False,0,False
235,949696,671567487,10/11/2017,08:59,pm,103,4,5,7,790140143,False,False,0,False
236,184588,216598179,10/11/2017,02:29,pm,77,3,38,3,316758859,False,False,0,False
237,269873,918972082,10/11/2017,11:06,pm,117,2,40,8,206521432,True,False,0,False
238,667285,648480198,10/11/2017,08:39,pm,90,0,18,8,972167608,False,False,0,False
239,676479,528078611,10/11/2017,12:44,pm,115,3,11,10,549129359,False,False,0,False
240,560974,138758719,10/11/2017,05:20,pm,6,5,2,0,967858644,False,False,0,False
241,863276,824696317,10/11/2017,04:15,pm,87,5,43,4,975701606,False,False,0,False
242,386656,419485727,10/11/2017,05:50,pm,88,1,30,6,367474713,False,False,0,False
243,189860,122361946,10/11/2017,05:29,pm,261,4,130,26,229197977,False,False,0,False
244,832585,938830068,10/11/2017,10:38,pm,44,1,15,0,607336548,False,False,0,False
245,784773,458527391,10/11/2017,07:08,pm,88,4,39,8,834132714,False,False,0,False
246,272842,982888212,10/11/2017,11:47,pm,126,3,12,3,272150657,False,False,0,False
247,929438,399114865,10/11/2017,11:33,pm,42,5,16,1,154473010,False,False,0,False
248,581433,595540093,10/11/2017,12:12,pm,60,5,15,1,797882521,True,False,0,False
249,407176,160171451,10/11/2017,07:29,pm,41,2,20,2,662638612,False,False,0,False
250,262448,848262848,10/11/2017,05:45,pm,51,4,12,3,936840513,False,False,0,False
251,753056,567071529,10/11/2017,02:20,pm,12,4,4,0,316758859,False,False,0,False
252,977416,927160301,10/11/2017,10:55,pm,85,4,12,5,210817164,False,False,0,False
253,831928,697542135,10/11/2017,04:09,pm,57,3,2,4,242986464,False,False,0,False
254,216612,399049126,11/11/2017,05:22,am,3,2,0,0,213969073,False,False,0,False
255,963764,238391065,11/11/2017,06:54,am,17,3,5,0,549129359,False,False,0,False
256,341260,572089419,11/11/2017,02:48,am,81,1,32,0,229197977,False,False,0,False
257,809737,739652923,11/11/2017,09:29,am,106,2,53,7,549129359,False,False,0,False
258,688584,630555393,11/11/2017,07:18,am,70,3,10,1,241597185,False,False,0,False
259,900853,392927904,11/11/2017,00:22,am,130,3,45,13,247310624,False,False,0,False
260,719014,169554871,11/11/2017,00:23,am,88,0,44,2,886561532,False,False,0,False
261,226362,954767903,11/11/2017,00:42,am,151,3,75,3,468349702,False,False,0,False
262,211535,369933959,11/11/2017,08:23,am,8,1,1,0,494487821,False,False,0,False
263,761768,858034003,11/11/2017,07:46,am,92,3,27,1,657878250,False,False,0,False
264,190263,823033167,11/11/2017,05:59,am,151,2,60,7,999695876,False,False,0,False
265,484651,701501434,11/11/2017,06:54,am,287,1,28,14,351266880,False,False,0,False
266,157910,137680854,11/11/2017,10:13,am,101,2,25,7,948983044,False,False,0,False
267,634450,477190879,11/11/2017,11:29,am,157,1,7,15,997125666,False,False,0,False
268,501044,326528874,11/11/2017,07:28,am,34,1,10,1,349104683,False,False,0,False
269,284825,397099121,11/11/2017,11:42,am,2,1,0,0,403624757,False,False,0,False
270,968822,153297709,11/11/2017,09:39,am,16,2,7,0,177174039,False,False,0,False
271,691453,314437300,11/11/2017,11:28,am,61,0,24,3,455703658,False,False,0,False
272,970835,245665679,11/11/2017,07:03,am,10,0,1,0,484342250,False,False,0,False
273,220625,493762252,11/11/2017,11:25,am,180,2,45,1,377618848,False,False,0,False
274,813160,671354990,11/11/2017,04:21,am,101,0,50,8,549129359,False,False,0,False
275,656557,417276896,11/11/2017,09:05,am,39,3,7,1,316855107,False,False,0,False
276,116644,244928575,11/11/2017,02:22,am,0,0,0,0,563304812,True,False,0,False
277,575326,908552405,11/11/2017,10:29,am,114,3,28,3,351266880,False,False,0,False
278,153951,852962304,11/11/2017,02:21,am,45,2,4,1,443954067,False,False,0,False
279,882788,727859075,11/11/2017,04:12,am,154,5,15,10,975701606,False,False,0,False
280,341446,796657320,11/11/2017,00:15,am,97,3,48,4,860433462,True,False,0,False
281,623874,414358927,11/11/2017,05:05,am,173,1,69,17,790202097,False,False,0,False
282,403912,621291253,11/11/2017,03:55,am,75,3,26,6,156553588,True,False,0,False
283,982219,205333358,11/11/2017,05:11,am,46,2,16,3,702362799,False,False,0,False
284,862180,791840249,11/11/2017,00:25,am,46,2,23,2,841277331,False,False,0,False
285,917186,540875198,11/11/2017,06:34,am,106,4,5,6,564289268,False,False,0,False
286,677219,318303934,11/11/2017,11:21,am,76,1,11,3,948942202,False,False,0,False
287,518670,255210644,11/11/2017,00:01,am,44,1,4,4,573845634,False,False,0,False
288,305968,430520815,11/11/2017,04:11,am,4,2,1,0,145497977,False,False,0,False
289,888329,165168691,11/11/2017,10:23,am,23,0,9,0,509376048,False,False,0,False
290,805951,584674477,11/11/2017,07:08,am,71,0,24,2,122648031,False,False,0,False
291,597350,231555831,11/11/2017,06:04,am,34,2,17,0,962895245,False,False,0,False
292,760146,756105925,11/11/2017,01:52,am,115,3,23,6,624467407,False,False,0,False
293,695669,216253430,11/11/2017,07:34,am,98,1,19,1,567071529,False,False,0,False
294,898571,287002585,11/11/2017,02:43,am,182,5,18,3,996623073,False,False,0,False
295,824983,950540729,11/11/2017,01:49,am,60,0,27,4,645295372,False,False,0,False
296,381310,679484421,11/11/2017,03:51,am,28,2,9,2,438689337,False,False,0,False
297,737328,743116988,11/11/2017,12:54,am,52,1,20,1,859966582,False,False,0,False
298,539147,681174482,11/11/2017,04:22,am,95,4,9,2,810961247,False,False,0,False
299,555187,179799832,11/11/2017,08:20,am,42,2,8,2,499647234,False,False,0,False
300,420643,488071396,11/11/2017,08:14,am,60,1,12,5,654429290,False,False,0,False
301,919982,650257367,11/11/2017,12:20,am,169,1,16,13,949017800,False,False,0,False
302,239824,183607590,11/11/2017,10:26,am,260,0,104,13,549129359,False,False,0,False
303,852432,522259457,11/11/2017,05:36,am,7,2,2,0,982888212,False,False,0,False
304,673788,419957084,11/11/2017,11:00,am,58,1,17,2,938483485,False,False,0,False
305,198856,489576680,11/11/2017,10:30,am,35,2,17,2,997125666,False,False,0,False
306,716326,125958793,11/11/2017,12:05,am,23,1,9,1,473755917,False,False,0,False
307,680449,762233435,11/11/2017,11:15,am,234,2,93,21,996623073,False,False,0,False
308,609062,226830281,11/11/2017,05:54,am,63,1,28,2,859966582,False,False,0,False
309,848645,265769711,11/11/2017,02:49,am,43,2,4,3,630547142,True,False,0,False
310,776192,780973707,11/11/2017,02:07,am,60,5,3,1,512810770,False,False,0,False
311,288660,957729814,11/11/2017,11:00,am,60,3,27,4,768477389,False,False,0,False
312,497130,863593659,11/11/2017,02:11,am,2,5,0,0,399114865,False,False,0,False
313,360177,200372994,11/11/2017,07:56,am,15,2,3,1,247310624,False,False,0,False
314,127570,331249878,11/11/2017,02:52,am,33,2,1,2,834132714,False,False,0,False
315,520707,287554630,11/11/2017,04:07,am,119,2,35,2,741388796,False,False,0,False
316,450752,872691104,11/11/2017,00:04,am,59,0,14,5,624251203,False,False,0,False
317,831188,398305041,11/11/2017,06:00,am,84,4,37,6,927160301,False,False,0,False
318,738894,348055889,11/11/2017,12:15,am,1,2,0,0,477719920,False,False,0,False
319,451246,199628038,11/11/2017,03:58,am,21,1,10,1,704684579,False,False,0,False
320,647785,255261346,11/11/2017,10:53,am,72,0,10,7,664222145,True,False,0,False
321,180856,837823045,11/11/2017,01:33,am,78,1,39,3,704684579,False,False,0,False
322,278205,243545563,11/11/2017,06:03,am,146,1,58,7,553535281,False,False,0,False
323,581660,463970225,11/11/2017,06:40,am,40,2,6,4,823986367,False,False,0,False
324,498895,269933430,11/11/2017,00:40,am,23,2,10,1,740498404,False,False,0,False
325,744500,519441063,11/11/2017,12:07,am,58,4,14,0,781113360,False,False,0,False
326,414969,802380591,11/11/2017,04:09,am,128,2,32,10,855036767,False,False,0,False
327,197073,529352584,11/11/2017,01:44,am,165,3,33,14,185596874,False,False,0,False
328,135314,331676477,11/11/2017,08:52,am,101,3,30,5,484342250,False,False,0,False
329,247436,191790917,11/11/2017,03:43,am,62,1,6,3,936840513,False,False,0,False
330,586900,723543074,11/11/2017,12:21,am,124,0,62,9,797882521,False,False,0,False
331,268967,608141865,11/11/2017,12:39,am,69,1,34,1,458779351,False,False,0,False
332,146785,715203307,11/11/2017,05:45,am,24,1,12,2,206521432,False,False,0,False
333,505477,253529857,11/11/2017,02:11,am,153,1,30,10,547874736,False,False,0,False
334,875028,899443825,11/11/2017,00:59,am,53,3,15,3,741397487,False,False,0,False
335,939020,337584509,11/11/2017,06:36,am,166,1,16,14,844989061,False,False,0,False
336,257081,925500705,11/11/2017,06:47,am,31,2,1,1,996623073,False,False,0,False
337,471315,696018320,11/11/2017,06:58,am,92,2,18,5,350698529,True,False,0,False
338,162891,925722825,11/11/2017,10:23,am,36,1,9,3,294266062,False,False,0,False
339,774841,236303906,11/11/2017,07:46,am,154,1,30,15,447831297,False,False,0,False
340,869153,705605267,11/11/2017,08:56,am,27,4,4,0,122648031,False,False,0,False
341,710765,464680201,11/11/2017,11:19,am,59,1,29,0,941146322,False,False,0,False
342,926411,669781841,11/11/2017,02:32,am,84,3,37,1,884757929,False,False,0,False
343,717122,797599432,11/11/2017,04:54,am,70,2,10,7,927160301,False,False,0,False
344,456686,958940260,11/11/2017,11:04,am,111,1,11,7,241597185,False,False,0,False
345,710296,625611141,11/11/2017,09:55,am,79,1,31,3,861841481,False,False,0,False
346,200555,808933325,11/11/2017,06:34,am,91,1,27,2,247310624,False,False,0,False
347,461441,990437739,11/11/2017,10:15,am,171,3,17,13,810961247,False,False,0,False
348,727767,382546485,11/11/2017,08:17,am,117,2,5,2,620222338,False,False,0,False
349,457942,290214736,11/11/2017,12:24,am,16,4,1,1,824696317,False,False,0,False
350,477998,298225462,11/11/2017,01:01,am,93,3,46,9,664222145,False,False,0,False
351,795918,878174872,11/11/2017,10:17,am,93,0,23,7,499647234,False,False,0,False
352,133815,442626538,11/11/2017,09:40,am,92,1,32,6,781113360,False,False,0,False
353,793972,143256226,11/11/2017,12:56,am,75,1,33,1,573845634,False,False,0,False
354,193551,333128067,11/11/2017,04:23,am,124,3,37,7,350698529,False,False,0,False
355,710566,625907142,11/11/2017,04:23,am,38,1,1,2,993171452,True,False,0,False
356,810076,642701876,11/11/2017,02:33,am,3,2,0,0,222885132,False,False,0,False
357,200283,150547113,11/11/2017,01:45,am,27,0,13,2,160171451,False,False,0,False
358,173647,459689685,11/11/2017,03:39,am,153,1,53,1,681465236,False,False,0,False
359,792170,169459651,11/11/2017,03:18,am,6,2,0,0,631042121,False,False,0,False
360,896013,161320962,11/11/2017,10:25,am,148,1,51,4,303151676,False,False,0,False
361,599201,669900332,11/11/2017,05:19,am,45,3,4,2,139299450,True,False,0,False
362,764645,927410544,11/11/2017,09:17,am,96,1,14,0,466555555,False,False,0,False
363,607832,789626662,11/11/2017,06:46,am,159,0,39,4,443954067,False,False,0,False
364,874058,451132706,11/11/2017,03:23,am,41,4,8,2,797882521,False,False,0,False
365,115262,254052052,11/11/2017,06:46,am,155,1,77,6,473755917,False,False,0,False
366,684157,119642362,11/11/2017,11:13,am,115,3,34,10,860433462,False,False,0,False
367,574829,601515128,11/11/2017,05:13,am,34,1,5,0,781113360,False,False,0,False
368,674035,116129728,11/11/2017,10:28,am,17,0,2,0,804358914,False,False,0,False
369,410484,124431067,11/11/2017,09:14,am,29,1,5,1,569238009,False,False,0,False
370,684412,533914427,11/11/2017,07:49,am,173,3,25,15,458779351,False,False,0,False
371,336410,831951526,11/11/2017,01:00,am,85,3,25,3,804358914,False,False,0,False
372,579931,986090507,11/11/2017,02:42,am,105,5,10,3,468349702,False,False,0,False
373,211326,517786817,11/11/2017,02:33,am,88,4,13,7,482236108,False,False,0,False
374,517051,832992934,11/11/2017,06:54,am,3,1,0,0,502507033,True,False,0,False
375,288581,310452860,11/11/2017,12:06,am,43,0,2,2,844989061,False,False,0,False
376,780577,787453720,11/11/2017,12:30,am,62,4,6,1,494008546,False,False,0,False
377,253803,740464703,11/11/2017,07:09,am,6,3,2,0,657878250,False,False,0,False
378,970623,220872337,11/11/2017,10:27,am,121,1,48,2,260007214,False,False,0,False
379,399839,210579518,11/11/2017,02:09,am,71,2,24,3,564289268,True,False,0,False
380,173711,121206950,11/11/2017,12:41,am,21,3,8,1,222885132,True,False,0,False
381,285411,660948344,11/11/2017,03:02,am,8,1,3,0,447831297,False,False,0,False
382,699089,486244745,11/11/2017,04:04,am,43,0,4,1,768477389,False,False,0,False
383,733409,931708422,11/11/2017,04:48,am,32,2,1,2,972167608,False,False,0,False
384,560994,313330656,11/11/2017,06:11,am,54,0,13,1,778677733,False,False,0,False
385,119972,712025001,11/11/2017,09:14,am,177,0,88,14,139299450,False,False,0,False
386,471081,975548339,11/11/2017,06:14,am,170,2,85,15,458527391,False,False,0,False
387,571193,456318030,11/11/2017,01:31,am,157,2,23,12,884905964,False,False,0,False
388,637434,878672449,11/11/2017,07:31,am,16,2,4,0,941146322,False,False,0,False
389,418843,593816865,11/11/2017,08:11,am,25,1,1,1,645295372,False,False,0,False
390,637059,638932976,11/11/2017,01:41,am,82,5,32,5,168880998,False,False,0,False
391,716447,457527472,11/11/2017,10:08,am,33,0,4,2,631042121,True,False,0,False
392,810814,345939555,11/11/2017,09:43,am,164,1,65,9,844989061,False,False,0,False
393,201195,625771367,11/11/2017,04:01,am,112,0,5,7,494008546,False,False,0,False
394,166526,743476291,11/11/2017,04:37,am,241,2,84,19,438689337,False,False,0,False
395,968200,766489739,11/11/2017,06:57,am,163,2,48,3,572056570,False,False,0,False
396,170329,237859352,11/11/2017,10:55,am,42,3,10,3,859966582,False,False,0,False
397,764009,545386643,11/11/2017,02:49,am,4,4,1,0,250479746,False,False,0,False
398,947560,706626819,11/11/2017,04:31,am,152,1,76,9,976988154,False,False,0,False
399,363224,891781807,11/11/2017,11:24,am,111,6,5,8,536837952,False,False,0,False
400,278094,121821553,11/11/2017,06:04,am,144,2,7,1,884905964,False,False,0,False
401,722397,520686079,11/11/2017,00:06,am,31,1,15,0,349104683,False,False,0,False
402,200531,130002286,11/11/2017,04:56,am,11,3,5,0,949444650,False,False,0,False
403,652852,291342682,11/11/2017,03:17,am,77,2,7,3,823986367,False,False,0,False
404,604777,798678963,11/11/2017,10:27,am,133,2,53,11,371802022,False,False,0,False
405,531488,733058244,11/11/2017,06:48,am,2,1,0,0,658672846,False,False,0,False
406,504890,423223913,11/11/2017,10:35,am,196,1,29,13,494008546,False,False,0,False
407,919415,588084683,11/11/2017,12:56,am,76,1,15,5,477719920,False,False,0,False
408,363361,659217426,11/11/2017,07:56,am,121,4,6,9,841277331,False,False,0,False
409,941835,849209680,11/11/2017,08:29,am,67,3,3,6,549129359,False,False,0,False
410,318763,986982066,11/11/2017,09:27,am,10,4,1,0,726535575,False,False,0,False
411,728440,698593007,11/11/2017,08:53,am,36,5,12,1,528078611,False,False,0,False
412,360851,346593987,11/11/2017,00:42,am,53,3,7,3,138868942,False,False,0,False
413,161342,437629049,11/11/2017,06:44,am,11,0,4,0,982888212,False,False,0,False
414,628034,163103974,11/11/2017,06:20,am,8,2,2,0,596332390,True,False,0,False
415,496786,808759581,11/11/2017,06:51,am,95,2,14,1,144265898,False,False,0,False
416,157287,172956790,11/11/2017,00:43,am,96,1,33,4,890181965,False,False,0,False
417,331717,734226185,11/11/2017,01:11,am,50,3,25,2,185620661,False,False,0,False
418,544360,219995864,11/11/2017,01:15,am,65,3,32,6,547874736,False,False,0,False
419,665596,302713921,11/11/2017,04:41,am,25,1,11,1,949017800,False,False,0,False
420,763022,159261204,11/11/2017,01:43,am,46,1,13,4,377618848,False,False,0,False
421,885569,295538073,11/11/2017,03:13,am,197,1,88,1,824696317,False,False,0,False
422,548592,560271864,11/11/2017,12:33,am,8,2,3,0,650339957,False,False,0,False
423,407343,859840455,11/11/2017,10:39,am,42,2,2,0,458527391,False,False,0,False
424,530471,644229431,11/11/2017,11:14,am,65,3,26,1,837897837,False,False,0,False
425,638572,964110332,11/11/2017,01:13,am,63,1,25,4,509376048,False,False,0,False
426,570620,557755390,11/11/2017,04:44,am,14,1,6,1,490392689,False,False,0,False
427,224556,816723513,11/11/2017,03:37,am,15,0,7,1,723474042,False,False,0,False
428,279202,296690880,11/11/2017,10:08,am,64,3,19,2,624251203,False,False,0,False
429,865642,206357582,11/11/2017,11:02,am,14,3,5,1,351266880,False,False,0,False
430,158994,965990441,11/11/2017,08:12,am,161,1,56,3,567071529,False,False,0,False
431,140486,475031320,11/11/2017,01:52,am,117,2,35,1,403624757,False,False,0,False
432,547708,458679435,11/11/2017,09:28,am,63,3,6,1,921278956,False,False,0,False
433,895019,727369156,11/11/2017,06:17,am,45,4,22,2,948942202,False,False,0,False
434,324583,283340869,11/11/2017,08:14,am,58,2,26,3,411715600,False,False,0,False
435,454809,750344545,11/11/2017,09:24,am,131,1,13,11,501751257,False,False,0,False
436,111666,674848937,11/11/2017,07:08,am,0,3,0,0,697542135,False,False,0,False
437,469532,482344443,11/11/2017,05:34,am,62,1,24,4,996623073,False,False,0,False
438,927508,589365989,11/11/2017,12:37,am,9,2,4,0,382527955,False,False,0,False
439,833551,954140561,11/11/2017,00:53,am,120,3,24,4,740498404,False,False,0,False
440,901767,166434724,11/11/2017,07:40,am,34,3,15,0,215885449,False,False,0,False
441,250471,941896953,11/11/2017,09:11,am,13,2,4,0,948942202,False,False,0,False
442,161891,387251342,11/11/2017,10:54,am,121,1,12,4,547874736,False,False,0,False
443,865118,467708310,11/11/2017,09:58,am,126,3,25,2,382527955,False,False,0,False
444,139574,375533698,11/11/2017,08:27,am,1,3,0,0,466555555,False,False,0,False
445,265590,603669811,11/11/2017,04:42,am,53,3,23,1,156950377,False,False,0,False
446,937414,434999563,11/11/2017,07:01,am,9,1,1,0,979135084,False,False,0,False
447,828390,477148420,11/11/2017,09:35,am,49,1,19,1,922389702,False,False,0,False
448,150406,274500815,11/11/2017,08:16,am,33,2,11,2,775238146,False,False,0,False
449,244794,741621458,11/11/2017,11:22,am,129,2,12,9,741397487,False,False,0,False
450,425447,232055500,11/11/2017,07:12,am,62,3,12,2,702870969,False,False,0,False
451,562961,726245914,11/11/2017,12:43,am,77,1,19,7,497461821,False,False,0,False
452,208650,332973128,11/11/2017,06:19,am,157,0,78,10,285878764,False,False,0,False
453,194976,452491753,11/11/2017,06:33,am,44,1,11,1,213969073,False,False,0,False
454,402163,314208955,11/11/2017,00:50,am,23,1,5,0,260007214,False,False,0,False
455,528929,308785043,11/11/2017,11:24,am,49,2,17,4,760062606,False,False,0,False
456,925777,823238106,11/11/2017,02:00,am,264,1,52,13,855036767,False,False,0,False
457,815556,750414919,11/11/2017,08:44,am,177,2,8,8,949444650,False,False,0,False
458,643657,563683064,11/11/2017,10:39,am,138,2,41,9,760062606,False,False,0,False
459,158219,146447160,11/11/2017,08:03,am,3,3,1,0,283096556,False,False,0,False
460,777092,639996346,11/11/2017,05:23,am,12,2,0,0,662638612,False,False,0,False
461,764500,429683459,11/11/2017,02:28,am,85,3,8,0,294266062,False,False,0,False
462,284378,242929152,11/11/2017,11:42,am,41,4,2,0,884905964,False,False,0,False
463,483488,328380402,11/11/2017,05:09,am,42,2,12,2,623471714,False,False,0,False
464,746620,631862932,11/11/2017,04:26,am,17,1,0,0,890181965,True,False,0,False
465,884991,768731993,11/11/2017,12:43,am,43,1,19,1,522292224,False,False,0,False
466,978253,213751871,11/11/2017,07:07,am,23,2,10,0,122648031,True,False,0,False
467,814588,296725598,11/11/2017,03:44,am,9,1,4,0,573845634,True,False,0,False
468,410566,139907939,11/11/2017,04:38,am,118,5,47,10,835954508,False,False,0,False
469,546170,347665311,11/11/2017,01:05,am,51,1,12,1,549129359,False,False,0,False
470,795534,836685119,11/11/2017,00:35,am,16,0,7,0,138758719,False,False,0,False
471,623600,320759393,11/11/2017,04:02,am,77,3,11,3,916814186,False,False,0,False
472,859927,419543156,11/11/2017,03:13,am,125,1,12,11,168880998,False,False,0,False
473,683596,153049529,11/11/2017,10:43,am,178,3,8,12,528078611,False,False,0,False
474,497145,897218296,11/11/2017,03:37,am,76,2,22,7,859966582,False,False,0,False
475,455895,463181008,11/11/2017,10:36,am,177,0,26,7,122672744,False,False,0,False
476,987094,734318285,11/11/2017,08:36,am,87,0,39,5,601917016,False,False,0,False
477,890454,793732429,11/11/2017,03:20,am,132,0,33,11,781113360,False,False,0,False
478,646270,639252378,11/11/2017,07:09,am,3,2,1,0,499647234,False,False,0,False
479,547467,384955219,11/11/2017,03:33,am,44,0,4,3,459673654,False,False,0,False
480,144377,710141660,11/11/2017,04:20,am,122,2,42,10,810961247,False,False,0,False
481,680155,796066273,11/11/2017,11:38,am,36,3,7,1,482236108,False,False,0,False
482,855569,990594514,11/11/2017,02:54,am,103,0,10,6,168880998,False,False,0,False
483,559717,646284691,11/11/2017,01:09,am,14,3,2,1,595892317,False,False,0,False
484,132535,179012955,11/11/2017,02:14,am,161,2,24,9,595540093,False,False,0,False
485,265207,420906419,11/11/2017,11:02,am,86,1,17,1,774651272,True,False,0,False
486,717831,842318862,11/11/2017,02:20,am,119,2,11,8,999695876,False,False,0,False
487,331608,407618265,11/11/2017,02:45,am,57,3,2,1,833466198,False,False,0,False
488,842334,779996244,11/11/2017,10:33,am,86,2,34,0,976988154,False,False,0,False
489,858784,771232061,11/11/2017,03:48,am,133,1,59,10,775238146,False,False,0,False
490,158919,748998929,11/11/2017,02:51,am,155,1,7,10,855036767,False,False,0,False
491,975023,571014554,11/11/2017,06:25,am,4,1,1,0,362834953,True,True,50,False
492,781250,999044951,11/11/2017,00:28,am,48,0,4,3,814088954,True,False,0,False
493,127577,285121837,11/11/2017,05:17,am,72,3,18,2,606349815,True,False,0,False
494,284533,436701951,11/11/2017,05:43,am,91,1,13,6,506400287,False,False,0,False
495,844573,889804564,11/11/2017,05:11,am,28,2,12,2,741388796,False,False,0,False
496,620790,262140028,11/11/2017,10:16,am,49,6,19,3,371802022,False,False,0,False
497,650086,473413329,11/11/2017,12:29,am,43,3,8,3,734673283,False,False,0,False
498,514395,707514982,11/11/2017,11:02,am,190,2,19,17,443900459,False,False,0,False
499,750940,598424507,11/11/2017,05:13,am,12,2,6,0,216598179,False,False,0,False
500,824238,673179308,11/11/2017,06:29,am,4,1,0,0,650889385,False,False,0,False
501,718824,321623875,11/11/2017,09:35,am,12,1,1,0,284279093,False,False,0,False
502,254110,824596015,11/11/2017,09:02,am,129,3,32,6,138868942,False,False,0,False
503,891489,900880529,11/11/2017,10:09,am,10,3,1,0,443900459,False,False,0,False
504,739271,968598942,11/11/2017,04:04,am,32,2,1,1,638779430,False,False,0,False
505,406013,781731161,11/11/2017,02:48,am,92,2,27,9,972167608,False,False,0,False
506,506989,641360612,11/11/2017,07:21,am,93,1,4,2,681465236,False,False,0,False
507,906303,651399540,11/11/2017,12:38,am,53,1,5,5,681465236,False,False,0,False
508,908505,646361120,11/11/2017,02:37,am,7,2,1,0,824696317,False,False,0,False
509,426141,439191690,11/11/2017,03:59,am,12,5,6,0,316758859,False,False,0,False
510,582902,173175118,11/11/2017,10:15,am,5,2,1,0,229197977,False,False,0,False
511,162461,642061950,11/11/2017,02:59,am,42,5,16,3,855036767,False,False,0,False
512,695838,761300440,11/11/2017,11:09,am,85,0,21,5,723527339,False,False,0,False
513,384065,158705475,11/11/2017,04:09,am,161,0,56,12,815116470,False,False,0,False
514,729865,670342830,11/11/2017,09:43,am,21,3,10,1,209759310,False,False,0,False
515,869247,399001756,11/11/2017,03:07,am,97,3,9,9,272150657,False,False,0,False
516,181077,798637917,11/11/2017,11:38,am,96,0,38,1,967858644,False,False,0,False
517,425989,507712054,11/11/2017,04:48,am,8,2,2,0,399114865,False,False,0,False
518,136458,621658674,11/11/2017,04:37,am,117,0,46,7,250479746,False,False,0,False
519,969443,917457487,11/11/2017,03:30,am,66,4,3,4,815116470,False,False,0,False
520,186625,372514844,11/11/2017,03:19,am,109,1,27,9,927160301,False,False,0,False
521,493304,829583520,11/11/2017,07:42,am,63,3,22,6,404169788,False,False,0,False
522,491665,329360314,11/11/2017,04:32,am,161,0,56,8,712030628,False,False,0,False
523,776264,850282786,11/11/2017,04:24,am,58,1,23,2,766172323,False,False,0,False
524,702409,449504865,11/11/2017,12:18,am,24,1,9,2,936840513,False,False,0,False
525,524597,588261277,11/11/2017,09:15,am,171,2,42,5,506400287,True,False,0,False
526,914016,893310387,11/11/2017,09:57,am,5,1,0,0,477719920,False,False,0,False
527,219421,587056975,11/11/2017,11:50,am,0,2,0,0,860433462,False,False,0,False
528,357334,717228708,11/11/2017,04:43,am,181,3,45,12,804609254,False,False,0,False
529,369761,777500194,11/11/2017,03:32,am,50,2,12,1,991154137,False,False,0,False
530,165190,981713355,11/11/2017,12:25,am,157,3,47,1,664222145,True,False,0,False
531,827830,366012215,11/11/2017,07:36,am,83,1,12,5,607336548,False,False,0,False
532,634895,360011562,11/11/2017,04:57,am,103,1,36,7,497461821,False,False,0,False
533,646682,997806102,11/11/2017,08:11,am,19,0,5,1,948942202,False,False,0,False
534,268542,382033989,11/11/2017,03:43,am,58,0,11,0,145497977,False,False,0,False
535,117301,549189368,11/11/2017,00:51,am,193,2,57,9,972167608,False,False,0,False
536,497836,953356189,11/11/2017,06:43,am,27,3,13,0,871739538,False,False,0,False
537,146562,613265581,11/11/2017,03:58,am,4,2,0,0,941692231,False,False,0,False
538,516253,966727565,11/11/2017,01:18,am,40,2,18,2,419485727,True,False,0,False
539,820751,565947151,11/11/2017,06:58,am,68,0,34,1,696209999,False,False,0,False
540,253437,501751723,11/11/2017,01:02,am,95,2,47,2,609475176,False,False,0,False
541,835656,606038504,11/11/2017,12:35,am,37,1,9,2,654813293,False,False,0,False
542,117521,620824231,11/11/2017,12:22,am,55,0,5,1,258198047,False,False,0,False
543,452244,647111559,11/11/2017,11:09,am,3,3,1,0,150444693,True,False,0,False
544,530495,558855063,11/11/2017,09:49,am,97,3,43,7,563304812,False,False,0,False
545,314488,118809804,11/11/2017,06:05,am,168,3,58,15,948983044,False,False,0,False
546,374955,915818163,11/11/2017,12:02,am,6,1,3,0,138868942,True,True,35,False
547,234023,465227153,11/11/2017,06:32,am,48,2,19,0,194393365,False,False,0,False
548,199147,595788808,11/11/2017,06:54,am,18,2,2,0,624467407,False,False,0,False
549,387965,466481725,11/11/2017,09:23,am,169,2,76,3,553535281,False,False,0,False
550,346648,562800856,11/11/2017,09:29,am,61,2,18,2,283096556,False,False,0,False
551,550436,613555392,11/11/2017,10:04,am,102,2,15,4,490392689,False,False,0,False
552,235468,446448882,11/11/2017,07:50,am,88,3,8,3,741397487,False,False,0,False
553,237928,636093444,11/11/2017,06:34,am,32,0,9,2,861841481,False,False,0,False
554,919964,776087423,11/11/2017,12:36,am,157,3,78,15,631042121,False,False,0,False
555,458933,770436889,11/11/2017,10:07,am,5,1,2,0,664222145,False,False,0,False
556,438211,306674244,11/11/2017,05:15,am,68,1,34,4,206521432,False,False,0,False
557,357942,421180437,11/11/2017,01:50,am,173,3,34,6,999485930,False,False,0,False
558,688146,549277747,11/11/2017,08:03,am,17,3,8,0,949444650,False,False,0,False
559,600586,144031989,11/11/2017,09:59,am,151,2,37,9,455703658,False,False,0,False
560,921114,934711170,11/11/2017,06:03,am,119,1,41,8,122648031,False,False,0,False
561,813640,756539339,11/11/2017,12:26,am,22,3,4,1,548658496,False,False,0,False
562,346964,500022755,11/11/2017,01:13,am,96,2,43,0,837897837,False,False,0,False
563,569034,696216949,11/11/2017,00:03,am,3,2,1,0,790140143,False,False,0,False
564,839500,667975547,11/11/2017,02:58,am,8,3,1,0,113859582,False,False,0,False
565,756529,711289848,11/11/2017,01:05,am,7,3,2,0,177174039,False,False,0,False
566,937127,831300227,11/11/2017,04:48,am,77,1,26,6,567071529,False,False,0,False
567,779200,237389757,11/11/2017,12:07,am,256,1,89,25,741397487,False,False,0,False
568,759520,219991744,11/11/2017,09:35,am,85,1,38,7,638779430,False,False,0,False
569,835511,597961434,11/11/2017,06:01,am,4,2,1,0,367474713,False,False,0,False
570,953453,488331634,11/11/2017,12:00,am,38,2,9,1,852878856,False,False,0,False
571,237713,963970775,11/11/2017,03:15,am,183,2,36,12,494487821,False,False,0,False
572,390338,570567279,11/11/2017,00:43,am,100,3,10,5,308577497,False,False,0,False
573,290230,336774672,11/11/2017,02:04,am,116,1,17,4,250479746,False,False,0,False
574,137543,137374241,11/11/2017,03:49,am,38,1,9,3,654429290,False,False,0,False
575,384775,378944923,11/11/2017,00:44,am,132,2,52,9,723527339,False,False,0,False
576,939434,132477437,11/11/2017,12:27,am,221,1,77,15,113859582,False,False,0,False
577,656775,538196524,11/11/2017,04:48,am,50,2,2,3,833466198,False,False,0,False
578,390167,469500674,11/11/2017,01:46,am,154,2,38,7,797882521,False,False,0,False
579,547495,699718449,11/11/2017,07:39,am,64,3,16,2,150444693,False,False,0,False
580,648585,698856831,11/11/2017,05:26,am,11,1,1,0,979135084,False,False,0,False
581,548643,498903311,11/11/2017,01:44,am,100,3,45,9,775238146,False,False,0,False
582,676216,555044039,11/11/2017,09:19,am,96,7,33,3,572056570,False,False,0,False
583,189161,301660733,11/11/2017,07:53,am,31,3,4,2,837897837,False,False,0,False
584,245216,905400660,11/11/2017,08:19,am,43,0,12,0,654429290,False,False,0,False
585,147381,506232123,11/11/2017,05:23,am,50,3,5,4,497461821,False,False,0,False
586,480191,498972492,11/11/2017,09:22,am,130,5,52,9,797882521,False,False,0,False
587,520541,431088599,11/11/2017,09:33,am,71,2,3,4,595540093,False,False,0,False
588,749744,189752399,11/11/2017,00:06,am,13,0,5,0,781113360,False,False,0,False
589,641166,554298994,11/11/2017,05:08,am,203,1,20,10,631042121,False,False,0,False
590,874269,550462752,11/11/2017,06:41,am,32,2,6,1,606349815,False,False,0,False
591,863228,498957457,11/11/2017,00:05,am,19,3,8,1,657878250,False,False,0,False
592,652992,989323853,11/11/2017,04:08,am,59,2,14,3,303151676,True,False,0,False
593,649239,546219426,11/11/2017,12:34,am,30,1,7,0,982888212,False,False,0,False
594,140924,389425587,11/11/2017,05:00,am,80,0,28,1,122361946,False,False,0,False
595,477664,150713674,11/11/2017,07:43,am,77,3,34,6,210817164,False,False,0,False
596,506125,120151009,11/11/2017,08:47,am,37,2,11,3,422441945,False,False,0,False
597,138779,794214156,11/11/2017,00:02,am,19,0,3,1,601917016,False,False,0,False
598,724751,453762228,11/11/2017,08:23,am,83,1,24,6,972167608,False,False,0,False
599,409067,304132499,11/11/2017,12:54,am,8,2,2,0,833466198,False,False,0,False
600,927385,796368908,11/11/2017,05:00,am,130,3,52,1,884905964,False,False,0,False
601,892594,655203663,11/11/2017,04:21,am,13,2,4,0,297176418,False,False,0,False
602,568568,929874295,11/11/2017,04:47,am,20,0,2,0,715264412,False,False,0,False
603,489912,847808692,11/11/2017,08:53,am,214,1,74,10,663594931,True,False,0,False
604,241102,359098580,11/11/2017,06:57,am,126,1,18,10,741388796,False,False,0,False
605,803186,568574112,11/11/2017,00:26,am,11,4,4,0,921790609,False,False,0,False
606,145495,771244440,11/11/2017,09:20,am,192,4,9,5,924809354,False,False,0,False
607,910238,550540603,11/11/2017,11:18,am,2,1,0,0,999485930,False,False,0,False
608,449395,314426257,11/11/2017,05:49,am,57,2,14,1,815116470,False,False,0,False
609,913577,872181336,11/11/2017,08:30,am,92,2,4,4,663594931,True,True,30,False
610,302297,515726161,11/11/2017,10:50,am,66,3,3,3,494008546,False,False,0,False
611,436181,137043760,11/11/2017,12:32,am,65,0,6,4,654064543,False,False,0,False
612,589365,571156288,11/11/2017,08:34,am,106,3,47,5,138868942,False,False,0,False
613,630454,732822576,11/11/2017,07:37,am,171,3,59,17,848262848,True,False,0,False
614,844813,433897630,11/11/2017,02:48,am,79,0,7,0,455703658,False,False,0,False
615,190443,957768981,11/11/2017,09:26,am,0,4,0,0,497461821,False,False,0,False
616,509524,680587227,11/11/2017,06:21,am,167,1,41,6,723474042,False,False,0,False
617,493664,411768294,11/11/2017,03:49,am,42,0,21,2,303151676,False,False,0,False
618,156912,375649532,11/11/2017,05:40,am,42,1,8,4,144265898,False,False,0,False
619,133872,210362123,11/11/2017,00:09,am,46,1,18,0,972167608,False,False,0,False
620,880421,152952055,11/11/2017,06:29,am,147,1,44,2,587389412,True,False,0,False
621,650654,898404734,11/11/2017,07:29,am,178,5,17,14,350698529,False,False,0,False
622,917202,913385829,11/11/2017,10:53,am,54,3,21,1,459673654,False,False,0,False
623,788456,251840745,11/11/2017,07:43,am,109,2,21,3,947238913,False,False,0,False
624,772187,978017467,11/11/2017,01:38,am,85,2,42,5,833466198,False,False,0,False
625,476260,320767177,11/11/2017,08:18,am,13,2,4,0,702362799,False,False,0,False
626,686280,559053748,11/11/2017,12:49,pm,91,1,31,7,555044039,True,False,0,False
627,564711,839660353,11/11/2017,11:27,pm,28,0,7,1,712030628,False,False,0,False
628,899172,242293816,11/11/2017,00:16,pm,186,1,93,18,250479746,False,False,0,False
629,645579,525438800,11/11/2017,02:37,pm,131,1,26,11,899443825,False,False,0,False
630,711046,507848320,11/11/2017,03:21,pm,62,2,15,0,346593987,False,False,0,False
631,810374,224575756,11/11/2017,10:13,pm,21,3,1,0,468629811,False,False,0,False
632,919213,442072208,11/11/2017,10:19,pm,176,0,26,7,597961434,False,False,0,False
633,846461,461745086,11/11/2017,08:39,pm,22,0,8,2,346593987,False,False,0,False
634,192483,469213584,11/11/2017,09:44,pm,44,0,22,0,283096556,False,False,0,False
635,141636,961258103,11/11/2017,05:23,pm,9,0,2,0,723474042,False,False,0,False
636,610323,253166103,11/11/2017,12:33,pm,56,3,25,1,796066273,False,False,0,False
637,768494,666191678,11/11/2017,04:25,pm,82,1,32,2,483162561,False,False,0,False
638,894688,983877623,11/11/2017,10:11,pm,66,0,13,1,595540093,False,False,0,False
639,341801,889769551,11/11/2017,02:50,pm,68,1,23,6,863593659,False,False,0,False
640,457958,813912221,11/11/2017,10:43,pm,124,0,31,6,517786817,False,False,0,False
641,979820,858880879,11/11/2017,07:12,pm,116,0,58,10,921790609,False,False,0,False
642,997324,489564089,11/11/2017,09:28,pm,74,1,18,1,603361637,False,False,0,False
643,512291,928524836,11/11/2017,06:45,pm,54,0,13,2,285121837,False,False,0,False
644,529443,286857224,11/11/2017,01:15,pm,29,0,4,2,452491753,False,False,0,False
645,171324,655512892,11/11/2017,10:24,pm,121,1,54,1,473755917,False,False,0,False
646,537483,543880459,11/11/2017,04:51,pm,139,0,41,12,889804564,False,False,0,False
647,535513,320231139,11/11/2017,06:46,pm,69,1,10,0,254129840,False,False,0,False
648,368386,585884916,11/11/2017,02:40,pm,90,4,9,1,451132706,False,False,0,False
649,198586,759823119,11/11/2017,09:03,pm,10,0,4,0,121821553,False,False,0,False
650,446388,531249211,11/11/2017,06:55,pm,16,0,6,1,852878856,False,False,0,False
651,589848,778517923,11/11/2017,00:22,pm,101,1,10,8,860433462,False,False,0,False
652,480240,344708647,11/11/2017,12:58,pm,25,1,8,1,378944923,False,False,0,False
653,569760,416423935,11/11/2017,00:14,pm,29,1,5,1,498972492,False,False,0,False
654,542039,207295135,11/11/2017,11:03,pm,110,0,33,2,303151676,False,False,0,False
655,550745,426561877,11/11/2017,10:47,pm,110,3,49,9,399049126,False,False,0,False
656,277040,856541895,11/11/2017,02:04,pm,16,1,0,0,536837952,True,True,45,False
657,591672,218577550,11/11/2017,08:44,pm,108,3,32,6,331676477,False,False,0,False
658,837556,405712923,11/11/2017,09:23,pm,56,0,11,5,710141660,False,False,0,False
659,794990,489218670,11/11/2017,02:20,pm,86,2,34,7,623471714,False,False,0,False
660,547086,896269288,11/11/2017,02:14,pm,25,1,5,1,156553588,False,False,0,False
661,989096,643206024,11/11/2017,06:32,pm,67,0,23,2,588261277,False,False,0,False
662,744327,985130128,11/11/2017,06:03,pm,5,2,1,0,791840249,False,False,0,False
663,668811,802110948,11/11/2017,08:15,pm,208,1,10,8,638932976,False,False,0,False
664,547779,662978337,11/11/2017,07:08,pm,23,1,9,0,670342830,False,False,0,False
665,393274,564818939,11/11/2017,02:58,pm,87,1,4,4,545386643,False,False,0,False
666,631115,189234227,11/11/2017,06:24,pm,131,1,13,10,625907142,False,False,0,False
667,305293,464176719,11/11/2017,04:53,pm,61,1,12,3,810961247,False,False,0,False
668,948546,941768789,11/11/2017,12:21,pm,232,1,81,23,976988154,False,False,0,False
669,354528,251971132,11/11/2017,05:14,pm,103,1,46,7,572056570,True,False,0,False
670,777903,477223421,11/11/2017,12:20,pm,16,1,7,0,487917912,False,False,0,False
671,440252,750470849,11/11/2017,07:11,pm,13,1,1,0,768731993,False,False,0,False
672,311509,886678800,11/11/2017,09:55,pm,41,1,12,2,698593007,False,False,0,False
673,765145,182216295,11/11/2017,04:26,pm,109,2,27,4,844989061,False,False,0,False
674,272319,354833952,11/11/2017,01:12,pm,57,0,25,3,439191690,False,False,0,False
675,966245,146469634,11/11/2017,08:21,pm,0,0,0,0,145497977,False,False,0,False
676,667286,783063416,11/11/2017,06:05,pm,11,2,3,0,781113360,False,False,0,False
677,869106,775133944,11/11/2017,09:38,pm,73,1,29,2,889804564,False,False,0,False
678,842747,661690281,11/11/2017,09:18,pm,22,0,1,1,247310624,False,False,0,False
679,675984,552862257,11/11/2017,01:28,pm,143,0,64,12,924809354,False,False,0,False
680,397471,874021274,11/11/2017,09:52,pm,151,0,22,4,232055500,False,False,0,False
681,855826,329862971,11/11/2017,05:52,pm,264,4,79,15,558855063,False,False,0,False
682,424308,620555341,11/11/2017,05:21,pm,92,1,4,7,404169788,True,False,0,False
683,818832,323829025,11/11/2017,03:15,pm,13,2,5,0,647111559,False,False,0,False
684,506616,268538448,11/11/2017,08:41,pm,30,3,1,2,697542135,False,False,0,False
685,710143,443657143,11/11/2017,11:34,pm,112,1,16,4,177174039,False,False,0,False
686,893335,201765881,11/11/2017,09:42,pm,24,0,4,1,900880529,False,False,0,False
687,579947,752670779,11/11/2017,09:07,pm,2,2,1,0,349104683,False,False,0,False
688,866675,968361053,11/11/2017,08:56,pm,80,1,32,4,706626819,False,False,0,False
689,455686,377455285,11/11/2017,00:52,pm,217,3,32,10,156950377,False,False,0,False
690,306919,552620481,11/11/2017,12:29,pm,1,1,0,0,603361637,False,False,0,False
691,808506,997476028,11/11/2017,07:30,pm,65,0,26,6,140130777,True,True,25,False
692,493441,695278008,11/11/2017,05:59,pm,70,1,10,4,705605267,False,False,0,False
693,731565,144567831,11/11/2017,08:48,pm,184,1,27,11,989323853,False,False,0,False
694,881998,150902023,11/11/2017,09:52,pm,60,2,24,2,229197977,False,False,0,False
695,423952,815911978,11/11/2017,08:15,pm,248,2,49,22,603669811,False,False,0,False
696,667215,845796187,11/11/2017,07:07,pm,38,1,5,0,891781807,False,False,0,False
697,830472,881902434,11/11/2017,05:10,pm,15,2,4,0,493762252,False,False,0,False
698,500449,839296062,11/11/2017,11:46,pm,161,0,16,4,519441063,False,False,0,False
699,720857,599802564,11/11/2017,08:47,pm,59,0,8,1,118809804,False,False,0,False
700,518991,150084634,11/11/2017,04:00,pm,154,0,23,4,967858644,False,False,0,False
701,442180,566403791,11/11/2017,10:45,pm,12,1,4,0,891781807,False,False,0,False
702,755035,253903047,11/11/2017,12:13,pm,87,3,26,8,681174482,False,False,0,False
703,342820,950624963,11/11/2017,12:53,pm,51,2,12,3,291342682,False,False,0,False
704,488572,968590359,11/11/2017,10:06,pm,19,2,5,0,339717497,False,False,0,False
705,846548,743163952,11/11/2017,00:37,pm,62,1,21,4,640432122,False,False,0,False
706,737704,751106230,11/11/2017,02:21,pm,170,0,51,11,790202097,False,False,0,False
707,219247,932023740,11/11/2017,12:03,pm,129,2,25,11,824596015,True,False,0,False
708,987597,853255328,11/11/2017,12:23,pm,18,0,8,0,250479746,False,False,0,False
709,330640,187564196,11/11/2017,02:00,pm,52,4,20,3,499647234,False,False,0,False
710,127837,585588979,11/11/2017,03:21,pm,34,1,3,1,918972082,False,False,0,False
711,824964,722214800,11/11/2017,11:40,pm,150,1,52,10,455703658,False,False,0,False
712,886296,449045596,11/11/2017,10:40,pm,242,0,24,7,411715600,True,False,0,False
713,301018,834128903,11/11/2017,12:31,pm,51,1,22,2,554298994,False,False,0,False
714,229312,722144002,11/11/2017,01:58,pm,132,1,52,9,587056975,False,False,0,False
715,768956,851365745,11/11/2017,07:25,pm,188,1,56,5,144031989,False,False,0,False
716,984658,787949391,11/11/2017,05:43,pm,88,1,13,8,468629811,False,False,0,False
717,486299,370430233,11/11/2017,10:26,pm,100,0,50,10,771244440,False,False,0,False
718,896254,362636208,11/11/2017,02:31,pm,166,0,83,14,265769711,False,False,0,False
719,123712,431381840,11/11/2017,00:54,pm,47,0,21,0,941896953,False,False,0,False
720,877162,244740233,11/11/2017,08:27,pm,148,0,66,5,781113360,False,False,0,False
721,276321,694810662,11/11/2017,06:49,pm,150,0,45,1,463970225,False,False,0,False
722,916726,949374450,11/11/2017,10:51,pm,17,0,6,0,262140028,False,False,0,False
723,590339,927164313,11/11/2017,10:10,pm,16,1,7,1,346593987,False,False,0,False
724,577255,496573377,11/11/2017,08:08,pm,65,0,6,5,669900332,True,True,15,False
725,335787,339715548,11/11/2017,00:46,pm,102,0,45,9,986982066,False,False,0,False
726,831089,390738497,11/11/2017,04:31,pm,47,1,14,0,455703658,False,False,0,False
727,420178,515660165,11/11/2017,08:14,pm,86,3,43,0,509376048,False,False,0,False
728,885979,388469757,11/11/2017,06:03,pm,22,0,3,0,241597185,False,False,0,False
729,133299,904252117,11/11/2017,08:00,pm,168,2,16,16,916814186,False,False,0,False
730,139207,786571558,11/11/2017,04:40,pm,24,0,7,1,328380402,False,False,0,False
731,364092,810524825,11/11/2017,04:03,pm,0,0,0,0,986090507,False,False,0,False
732,129049,402538915,11/11/2017,10:40,pm,41,0,6,1,739652923,False,False,0,False
733,933502,771417219,11/11/2017,11:17,pm,223,0,11,22,760062606,False,False,0,False
734,753737,831627934,11/11/2017,09:57,pm,53,2,26,1,914472279,False,False,0,False
735,428937,712116165,11/11/2017,02:57,pm,52,1,15,4,304132499,False,False,0,False
736,165857,182824238,11/11/2017,12:16,pm,5,3,1,0,118809804,False,False,0,False
737,326414,262471809,11/11/2017,03:57,pm,101,2,35,1,624251203,False,False,0,False
738,454425,733619511,11/11/2017,01:36,pm,93,1,9,4,571156288,False,False,0,False
739,820107,371697246,11/11/2017,11:12,pm,20,0,8,0,842318862,True,False,0,False
740,190760,412477662,11/11/2017,11:40,pm,58,0,11,2,941896953,False,False,0,False
741,888973,293855483,11/11/2017,02:15,pm,104,0,41,9,399001756,False,False,0,False
742,835663,857507899,11/11/2017,05:56,pm,14,1,5,1,290214736,False,False,0,False
743,177794,231375669,11/11/2017,10:00,pm,7,0,3,0,756539339,False,False,0,False
744,380367,306073946,11/11/2017,09:26,pm,33,3,1,1,254052052,False,False,0,False
745,784981,613780568,11/11/2017,08:42,pm,0,0,0,0,219995864,False,False,0,False
746,812001,709795418,11/11/2017,08:41,pm,62,0,31,2,608141865,False,False,0,False
747,841593,358225295,11/11/2017,00:15,pm,154,0,7,1,382546485,False,False,0,False
748,112448,330280998,11/11/2017,04:30,pm,29,3,2,1,421180437,False,False,0,False
749,191254,829009502,11/11/2017,07:47,pm,39,3,5,2,789592835,False,False,0,False
750,803398,497735999,11/11/2017,03:03,pm,130,2,32,13,908552405,False,False,0,False
751,162521,215534491,11/11/2017,06:16,pm,41,1,6,4,547874736,False,False,0,False
752,539662,865474257,11/11/2017,01:06,pm,164,3,65,1,564289268,False,False,0,False
753,291810,798742487,11/11/2017,04:03,pm,105,1,26,7,898404734,False,False,0,False
754,931187,284619247,11/11/2017,12:19,pm,185,0,37,3,139299450,False,False,0,False
755,154953,245065382,11/11/2017,03:11,pm,45,1,9,1,145497977,False,False,0,False
756,629727,367195266,11/11/2017,05:12,pm,139,3,48,12,555044039,True,False,0,False
757,956157,644999654,11/11/2017,10:43,pm,24,2,6,0,375533698,False,False,0,False
758,935010,365167097,11/11/2017,12:43,pm,15,1,4,0,263883295,False,False,0,False
759,461238,271681131,11/11/2017,03:18,pm,2,2,0,0,859840455,True,False,0,False
760,532373,331106427,11/11/2017,03:00,pm,74,2,33,7,630555393,True,True,15,False
761,221283,868930588,11/11/2017,08:12,pm,262,1,131,23,284279093,False,False,0,False
762,334502,213506717,11/11/2017,06:52,pm,143,0,14,10,607336548,False,False,0,False
763,235423,982468080,11/11/2017,02:34,pm,175,1,43,12,639996346,False,False,0,False
764,186763,922688114,11/11/2017,02:10,pm,153,1,68,12,540875198,False,False,0,False
765,967078,318598108,11/11/2017,07:47,pm,22,4,4,0,734226185,False,False,0,False
766,243998,222857602,11/11/2017,01:49,pm,124,3,43,7,417276896,True,False,0,False
767,512690,977636527,11/11/2017,01:27,pm,160,0,24,4,925500705,False,False,0,False
768,229278,404622210,11/11/2017,08:57,pm,57,0,22,0,644229431,False,False,0,False
769,626057,397542224,11/11/2017,09:38,pm,130,0,13,3,296690880,False,False,0,False
770,348037,454280946,11/11/2017,07:51,pm,203,0,91,4,787453720,False,False,0,False
771,605839,841100670,11/11/2017,05:46,pm,13,0,3,1,387251342,False,False,0,False
772,194575,424798858,11/11/2017,10:09,pm,11,1,3,0,284279093,False,False,0,False
773,910959,305793466,11/11/2017,09:35,pm,78,2,15,1,555044039,False,False,0,False
774,325161,798449726,11/11/2017,11:53,pm,22,2,7,2,272150657,False,False,0,False
775,746776,418804463,11/11/2017,10:57,pm,74,0,14,4,621291253,True,False,0,False
776,403418,170776503,11/11/2017,12:05,pm,99,0,4,8,699718449,False,False,0,False
777,739557,610545105,11/11/2017,12:56,pm,37,1,12,1,958940260,False,False,0,False
778,355385,499695471,11/11/2017,12:29,pm,90,0,4,9,488071396,False,False,0,False
779,810950,560081383,11/11/2017,10:10,pm,184,1,9,7,823033167,False,False,0,False
780,975905,764152246,11/11/2017,03:18,pm,56,0,22,5,534828055,False,False,0,False
781,409222,759191307,11/11/2017,00:09,pm,137,1,41,13,417276896,False,False,0,False
782,800051,702362788,11/11/2017,08:25,pm,8,0,1,0,603361637,True,False,0,False
783,201743,900618363,11/11/2017,12:30,pm,144,1,21,4,528078611,False,False,0,False
784,433766,308638975,11/11/2017,11:54,pm,156,1,7,3,589365989,False,False,0,False
785,511153,122669853,11/11/2017,10:34,pm,130,0,32,3,125958793,False,False,0,False
786,343223,428105716,11/11/2017,07:20,pm,51,2,17,0,787453720,False,False,0,False
787,671552,951527147,11/11/2017,02:58,pm,126,0,56,1,179012955,False,False,0,False
788,485663,565776936,11/11/2017,03:20,pm,24,1,1,2,185596874,False,False,0,False
789,502220,853941609,11/11/2017,11:31,pm,21,0,2,1,899443825,False,False,0,False
790,989845,776411235,11/11/2017,11:58,pm,64,2,6,4,439191690,False,False,0,False
791,724119,434269794,11/11/2017,11:49,pm,25,0,1,2,287554630,False,False,0,False
792,707549,386090216,11/11/2017,02:57,pm,154,1,53,3,118809804,True,False,0,False
793,172386,980052722,11/11/2017,06:27,pm,19,2,9,1,466481725,False,False,0,False
794,687885,716551074,11/11/2017,02:47,pm,76,1,15,7,858034003,False,False,0,False
795,147181,548353538,11/11/2017,04:05,pm,115,2,51,11,770436889,False,False,0,False
796,328033,609978735,11/11/2017,08:31,pm,93,0,41,5,285121837,False,False,0,False
797,932670,995863931,11/11/2017,01:17,pm,11,1,3,0,824696317,False,False,0,False
798,333404,356902953,11/11/2017,08:54,pm,137,1,6,6,215885449,False,False,0,False
799,939314,948463618,11/11/2017,07:14,pm,118,1,47,7,130002286,False,False,0,False
800,180738,860583817,11/11/2017,10:04,pm,172,1,43,5,122361946,False,False,0,False
801,158053,436290728,11/11/2017,08:36,pm,9,1,2,0,620222338,False,False,0,False
802,954331,505990352,11/11/2017,06:17,pm,156,1,39,15,451132706,False,False,0,False
803,662339,278923845,11/11/2017,02:19,pm,100,1,40,5,986090507,False,False,0,False
804,433905,986780724,11/11/2017,08:56,pm,75,2,33,7,199628038,False,False,0,False
805,718458,373283585,11/11/2017,09:45,pm,164,2,41,14,347665311,False,False,0,False
806,478685,964528297,11/11/2017,02:23,pm,6,0,1,0,488331634,False,False,0,False
807,758926,617022283,11/11/2017,08:06,pm,133,2,26,11,490392689,False,False,0,False
808,689018,919601870,11/11/2017,10:35,pm,29,1,10,0,191790917,True,False,0,False
809,957326,367072395,11/11/2017,03:08,pm,43,0,6,0,698593007,False,False,0,False
810,908152,135671162,11/11/2017,12:47,pm,177,1,26,5,536837952,False,False,0,False
811,702180,555243818,11/11/2017,08:32,pm,66,1,19,1,620222338,False,False,0,False
812,944680,689420006,11/11/2017,07:59,pm,74,1,7,1,796066273,True,False,0,False
813,638936,764986434,11/11/2017,06:01,pm,185,0,9,14,359098580,False,False,0,False
814,258220,785744881,11/11/2017,03:27,pm,134,2,53,2,780973707,False,False,0,False
815,561198,951558690,11/11/2017,02:18,pm,13,4,5,0,954140561,True,True,45,False
816,372481,146029415,11/11/2017,02:00,pm,25,1,5,1,241597185,False,False,0,False
817,537343,764049215,11/11/2017,10:16,pm,101,0,5,10,844989061,True,False,0,False
818,336864,525121980,11/11/2017,11:03,pm,94,0,23,0,960427462,False,False,0,False
819,191106,462338957,11/11/2017,12:55,pm,1,1,0,0,863593659,False,False,0,False
820,155892,767751914,11/11/2017,04:12,pm,22,1,5,0,238391065,False,False,0,False
821,456218,824356691,11/11/2017,06:30,pm,92,1,13,2,831951526,True,False,0,False
822,590514,905230356,11/11/2017,10:45,pm,125,2,62,3,429683459,True,False,0,False
823,483949,735080883,11/11/2017,12:03,pm,147,3,44,2,506232123,False,False,0,False
824,631436,866122163,11/11/2017,03:50,pm,9,0,2,0,294266062,False,False,0,False
825,126199,334366715,11/11/2017,09:24,pm,216,1,10,4,588261277,True,False,0,False
826,404366,166202536,11/11/2017,04:09,pm,147,1,7,2,916814186,False,False,0,False
827,131847,491197925,11/11/2017,05:23,pm,187,2,46,14,673179308,False,False,0,False
828,328221,669888136,11/11/2017,12:30,pm,131,1,19,10,741621458,False,False,0,False
829,816570,275524072,11/11/2017,07:10,pm,13,1,1,1,194393365,False,False,0,False
830,934246,906771887,11/11/2017,01:07,pm,215,0,32,10,913385829,False,False,0,False
831,716671,347582724,11/11/2017,08:36,pm,84,2,25,3,775238146,False,False,0,False
832,476267,301543599,11/11/2017,02:58,pm,68,1,34,6,272150657,True,False,0,False
833,445778,546892782,11/11/2017,06:21,pm,240,2,96,12,255210644,False,False,0,False
834,248129,890176021,11/11/2017,04:16,pm,86,0,8,2,260460335,False,False,0,False
835,592809,753666482,11/11/2017,04:25,pm,40,2,2,3,631042121,False,False,0,False
836,307055,292999566,11/11/2017,07:26,pm,128,2,57,1,407618265,False,False,0,False
837,635670,296423487,11/11/2017,04:51,pm,1,0,0,0,657878250,False,False,0,False
838,637435,309083565,11/11/2017,02:52,pm,29,0,5,2,166434724,False,False,0,False
839,653854,889855369,11/11/2017,08:02,pm,48,2,19,0,646361120,False,False,0,False
840,384315,990153485,11/11/2017,10:29,pm,101,2,25,2,957729814,False,False,0,False
841,768303,195508602,11/11/2017,01:27,pm,111,1,49,8,756539339,False,False,0,False
842,378080,169978154,11/11/2017,03:13,pm,20,1,7,1,740464703,False,False,0,False
843,751011,921212075,11/11/2017,03:57,pm,14,2,2,1,163103974,False,False,0,False
844,501592,813139418,11/11/2017,10:48,pm,19,1,1,0,219995864,False,False,0,False
845,992045,809397713,11/11/2017,07:28,pm,8,1,4,0,262140028,False,False,0,False
846,926730,466101619,11/11/2017,02:49,pm,98,3,39,0,348055889,False,False,0,False
847,459105,301843443,11/11/2017,05:55,pm,104,0,10,3,603669811,True,False,0,False
848,467376,164836386,11/11/2017,03:45,pm,266,1,13,26,601515128,False,False,0,False
849,812335,263127175,11/11/2017,06:51,pm,32,1,8,2,657878250,False,False,0,False
850,557413,343257421,11/11/2017,01:05,pm,69,2,13,6,458527391,True,False,0,False
851,193194,926104048,11/11/2017,09:59,pm,24,2,3,0,506400287,False,False,0,False
852,123937,710936338,11/11/2017,06:59,pm,115,0,51,11,900880529,False,False,0,False
853,223932,741733688,11/11/2017,11:04,pm,49,1,7,4,247310624,False,False,0,False
854,292969,261761308,11/11/2017,08:56,pm,139,0,34,13,780973707,False,False,0,False
855,360446,541942070,11/11/2017,05:01,pm,155,1,54,12,528056848,False,False,0,False
856,718320,648953801,11/11/2017,00:21,pm,148,0,22,2,419957084,False,False,0,False
857,224480,156178766,11/11/2017,08:15,pm,35,1,15,2,567071529,False,False,0,False
858,722098,941405119,11/11/2017,09:21,pm,143,1,50,2,538196524,False,False,0,False
859,721643,165901126,11/11/2017,06:49,pm,48,1,14,4,569238009,False,False,0,False
860,946336,909133650,11/11/2017,01:22,pm,98,1,19,1,741388796,False,False,0,False
861,998151,837606879,11/11/2017,02:19,pm,20,1,5,0,298225462,True,True,25,False
862,977006,570898375,11/11/2017,02:19,pm,235,2,58,16,711289848,True,True,40,False
863,469178,975474439,11/11/2017,10:41,pm,63,1,22,1,743476291,False,False,0,False
864,438758,265213875,11/11/2017,00:34,pm,126,1,12,5,631862932,False,False,0,False
865,417993,755951987,11/11/2017,09:11,pm,142,0,7,12,586288334,False,False,0,False
866,535976,705212201,11/11/2017,07:55,pm,109,1,32,2,750414919,False,False,0,False
867,156571,375991094,11/11/2017,11:18,pm,136,2,20,9,169459651,True,False,0,False
868,904649,495443864,11/11/2017,09:44,pm,149,1,22,2,331676477,False,False,0,False
869,256029,627196884,11/11/2017,06:34,pm,141,0,70,5,681174482,False,False,0,False
870,653755,204883148,11/11/2017,07:06,pm,123,0,36,12,308577497,True,False,0,False
871,298684,929366525,11/11/2017,07:57,pm,28,0,11,0,804609254,False,False,0,False
872,942048,351494826,11/11/2017,01:23,pm,73,1,10,6,926144922,False,False,0,False
873,542415,312010993,11/11/2017,00:24,pm,115,1,23,6,446448882,False,False,0,False
874,724903,989911335,11/11/2017,09:33,pm,93,1,9,8,179799832,False,False,0,False
875,385864,251288744,11/11/2017,04:20,pm,39,2,7,1,603624418,False,False,0,False
876,701739,610685742,11/11/2017,05:59,pm,90,0,36,2,586288334,False,False,0,False
877,329855,803102213,11/11/2017,03:35,pm,60,1,12,5,760062606,False,False,0,False
878,588878,818585423,11/11/2017,08:42,pm,27,1,12,1,642701876,False,False,0,False
879,280700,335356524,11/11/2017,11:15,pm,119,1,11,1,727859075,False,False,0,False
880,397455,214920218,11/11/2017,01:47,pm,60,2,24,1,659217426,True,False,0,False
881,533578,780162413,11/11/2017,02:53,pm,33,0,11,1,612825154,False,False,0,False
882,908213,388113329,11/11/2017,05:31,pm,35,0,17,3,967858644,False,False,0,False
883,319359,833514297,11/11/2017,03:58,pm,53,0,2,2,458779351,False,False,0,False
884,524806,141462624,11/11/2017,10:07,pm,44,0,8,3,916814186,False,False,0,False
885,312032,119633058,11/11/2017,06:08,pm,280,2,56,14,215885449,False,False,0,False
886,342565,149386782,11/11/2017,03:07,pm,124,0,37,4,829583520,False,False,0,False
887,500784,695158318,11/11/2017,05:35,pm,90,0,22,1,917457487,False,False,0,False
888,136268,622035395,11/11/2017,11:03,pm,175,1,8,12,529352584,False,False,0,False
889,329671,751569353,11/11/2017,01:27,pm,77,0,19,7,320767177,False,False,0,False
890,153186,155544299,11/11/2017,04:16,pm,1,1,0,0,913385829,False,False,0,False
891,904792,328066353,11/11/2017,06:37,pm,78,2,23,6,621291253,False,False,0,False
892,576530,953876130,11/11/2017,08:56,pm,20,0,2,2,269933430,False,False,0,False
893,924501,289244598,11/11/2017,01:58,pm,39,1,9,2,119642362,False,False,0,False
894,706483,283890119,11/11/2017,07:31,pm,11,2,3,0,658672846,False,False,0,False
895,922320,399759786,11/11/2017,10:39,pm,18,1,8,0,431088599,False,False,0,False
896,462105,554636902,11/11/2017,04:50,pm,196,0,39,15,588084683,False,False,0,False
897,538863,380634518,11/11/2017,08:28,pm,152,1,53,9,546219426,False,False,0,False
898,466110,539209138,11/11/2017,01:49,pm,58,1,14,1,467708310,False,False,0,False
899,648050,656438477,11/11/2017,07:57,pm,93,0,37,9,823986367,False,False,0,False
900,988970,682900331,11/11/2017,12:03,pm,49,1,17,2,916814186,False,False,0,False
901,278500,899172354,11/11/2017,03:05,pm,122,0,6,6,776087423,False,False,0,False
902,125035,956192564,11/11/2017,08:01,pm,48,1,24,3,205333358,False,False,0,False
903,212955,562949955,11/11/2017,03:13,pm,32,1,16,2,498972492,False,False,0,False
904,208875,117155012,11/11/2017,07:02,pm,216,1,86,17,777500194,False,False,0,False
905,209861,813074967,11/11/2017,01:31,pm,148,1,51,14,498957457,False,False,0,False
906,469061,864297480,11/11/2017,10:00,pm,59,0,5,4,150713674,False,False,0,False
907,829918,990351211,11/11/2017,09:08,pm,80,0,12,5,179799832,False,False,0,False
908,427660,887353532,11/11/2017,01:32,pm,15,0,0,0,507712054,False,False,0,False
909,555624,482582578,11/11/2017,12:52,pm,82,2,32,0,589365989,False,False,0,False
910,938826,286361541,11/11/2017,03:57,pm,5,1,1,0,624251203,False,False,0,False
911,277792,464907597,11/11/2017,11:56,pm,41,1,10,2,642061950,False,False,0,False
912,862596,947827007,11/11/2017,06:08,pm,65,2,3,6,965990441,False,False,0,False
913,699163,190823140,11/11/2017,12:21,pm,107,0,42,6,314426257,False,False,0,False
914,952339,429135460,11/11/2017,05:33,pm,91,1,40,9,815116470,False,False,0,False
915,137793,832953413,11/11/2017,07:32,pm,74,0,37,4,566723761,False,False,0,False
916,768420,236938714,11/11/2017,06:24,pm,86,2,43,5,810961247,True,False,0,False
917,403095,964039818,11/11/2017,01:00,pm,134,0,67,6,260460335,True,False,0,False
918,583427,679785397,11/11/2017,05:01,pm,13,1,1,0,194393365,False,False,0,False
919,432194,658764751,11/11/2017,01:02,pm,109,3,38,10,446448882,False,False,0,False
920,723863,642067432,11/11/2017,01:42,pm,12,1,2,0,540875198,False,False,0,False
921,410188,687648581,11/11/2017,11:25,pm,151,0,75,4,976988154,False,False,0,False
922,426237,257111393,11/11/2017,08:22,pm,152,1,68,4,936840513,False,False,0,False
923,360140,336705665,11/11/2017,02:27,pm,55,4,22,5,399001756,False,False,0,False
924,240277,669220907,11/11/2017,06:10,pm,17,0,8,1,383374723,False,False,0,False
925,510679,913298868,11/11/2017,07:49,pm,104,1,31,2,766489739,False,False,0,False
926,746668,499294521,11/11/2017,08:30,pm,88,1,8,6,726535575,False,False,0,False
927,544250,474005636,11/11/2017,01:47,pm,67,0,6,4,642061950,False,False,0,False
928,129406,485059048,11/11/2017,02:23,pm,243,2,109,19,642061950,False,False,0,False
929,369784,447826904,11/11/2017,08:17,pm,68,2,20,4,229197977,False,False,0,False
930,176015,383484292,11/11/2017,04:22,pm,37,1,14,2,824596015,False,False,0,False
931,901249,970925101,11/11/2017,10:08,pm,32,1,1,1,456318030,False,False,0,False
932,358064,820216893,11/11/2017,12:19,pm,13,1,4,0,506232123,False,False,0,False
933,317011,771425208,11/11/2017,05:48,pm,59,2,14,1,595788808,False,False,0,False
934,178967,599235481,11/11/2017,11:44,pm,162,2,81,14,639252378,True,False,0,False
935,269180,852231875,11/11/2017,03:53,pm,124,4,55,3,863593659,False,False,0,False
936,855398,478192660,11/11/2017,00:40,pm,117,2,23,9,860433462,False,False,0,False
937,953788,999034802,11/11/2017,03:34,pm,33,1,4,2,927160301,False,False,0,False
938,839249,857536908,11/11/2017,00:21,pm,40,1,8,3,606038504,False,False,0,False
939,748874,528016526,11/11/2017,07:00,pm,137,0,6,10,306674244,False,False,0,False
940,726131,895316641,11/11/2017,04:14,pm,38,0,3,3,555044039,False,False,0,False
941,337274,819650935,11/11/2017,00:09,pm,0,1,0,0,529352584,False,False,0,False
942,606585,789382845,11/11/2017,09:25,pm,144,2,43,10,153049529,False,False,0,False
943,388720,564918079,11/11/2017,03:33,pm,65,1,16,6,331249878,False,False,0,False
944,190169,514505841,11/11/2017,02:53,pm,71,4,3,1,139299450,True,False,0,False
945,793054,672332984,11/11/2017,07:26,pm,227,2,34,11,878672449,False,False,0,False
946,631277,608889238,11/11/2017,05:47,pm,46,0,11,2,954767903,False,False,0,False
947,621103,585366166,11/11/2017,10:01,pm,26,3,7,2,776087423,False,False,0,False
948,817320,717090328,11/11/2017,00:06,pm,108,2,48,10,972167608,False,False,0,False
949,288240,395673298,11/11/2017,05:46,pm,122,0,6,10,304132499,False,False,0,False
950,608880,613529245,11/11/2017,03:33,pm,15,0,4,0,287554630,False,False,0,False
951,715412,954751127,11/11/2017,12:49,pm,8,1,1,0,941146322,False,False,0,False
952,637376,945399692,11/11/2017,02:49,pm,48,1,24,3,533914427,False,False,0,False
953,499612,447908876,11/11/2017,10:44,pm,7,1,0,0,638932976,False,False,0,False
954,120898,549233480,11/11/2017,08:39,pm,71,0,24,2,247310624,True,False,0,False
955,888022,283814339,11/11/2017,08:39,pm,213,3,95,10,931708422,False,False,0,False
956,654065,899734195,11/11/2017,02:48,pm,10,1,1,0,301660733,False,False,0,False
957,447443,489348248,11/11/2017,08:00,pm,249,0,87,7,274500815,False,False,0,False
958,894827,543147316,11/11/2017,00:50,pm,16,0,1,1,493762252,False,False,0,False
959,557559,333009788,11/11/2017,03:00,pm,112,2,5,7,213751871,False,False,0,False
960,340693,281933811,11/11/2017,02:57,pm,177,1,88,15,260007214,True,False,0,False
961,395709,159195320,11/11/2017,10:13,pm,100,0,40,9,549277747,True,False,0,False
962,382027,750788197,11/11/2017,11:35,pm,52,0,7,3,613265581,False,False,0,False
963,927855,252771950,11/11/2017,02:00,pm,87,1,26,1,137680854,False,False,0,False
964,312809,724827557,11/11/2017,02:47,pm,47,2,21,1,630547142,False,False,0,False
965,611446,597510132,11/11/2017,07:14,pm,41,3,10,3,122361946,False,False,0,False
966,489045,324954596,11/11/2017,09:39,pm,138,0,20,11,802380591,True,False,0,False
967,474982,908851343,11/11/2017,04:09,pm,26,1,2,0,392927904,False,False,0,False
968,461950,225095959,11/11/2017,00:41,pm,59,0,8,3,242929152,False,False,0,False
969,166620,654330255,11/11/2017,06:06,pm,60,0,15,2,855036767,False,False,0,False
970,900322,499189233,11/11/2017,11:10,pm,101,3,50,9,671567487,False,False,0,False
971,489193,793336858,11/11/2017,11:02,pm,3,1,0,0,750414919,True,False,0,False
972,502474,445101892,11/11/2017,02:21,pm,111,1,44,11,681465236,False,False,0,False
973,399223,505223895,11/11/2017,04:10,pm,60,0,3,6,833466198,False,False,0,False
974,312245,347809491,11/11/2017,08:01,pm,191,1,28,15,908552405,False,False,0,False
975,714382,495080755,11/11/2017,09:21,pm,20,0,9,0,562296983,False,False,0,False
976,764001,492003110,11/11/2017,03:26,pm,18,2,2,0,263883295,False,False,0,False
977,322989,469821737,11/11/2017,06:52,pm,1,0,0,0,545386643,False,False,0,False
978,756182,392622393,11/11/2017,11:55,pm,74,1,25,2,423223913,False,False,0,False
979,222411,368139259,11/11/2017,08:17,pm,121,1,48,1,858034003,False,False,0,False
980,432288,772951603,11/11/2017,12:11,pm,116,1,52,11,897218296,False,False,0,False
981,618308,821541365,11/11/2017,12:06,pm,143,1,42,1,741397487,False,False,0,False
982,580747,238410231,11/11/2017,12:31,pm,153,2,53,9,113859582,False,False,0,False
983,665700,294906389,11/11/2017,02:26,pm,313,0,125,21,833466198,False,False,0,False
984,784444,757761278,11/11/2017,11:28,pm,27,0,13,1,659217426,False,False,0,False
985,640698,965678624,11/11/2017,09:23,pm,29,1,2,1,287002585,False,False,0,False
986,960092,117594686,11/11/2017,11:37,pm,79,2,27,7,121206950,False,False,0,False
987,475999,710559687,11/11/2017,07:29,pm,139,3,20,4,498972492,False,False,0,False
988,810270,489145945,11/11/2017,05:11,pm,136,1,13,9,699718449,False,False,0,False
989,180684,867329633,11/11/2017,04:53,pm,35,1,5,2,891781807,False,False,0,False
990,857340,681001676,11/11/2017,11:59,pm,101,1,50,7,403624757,False,False,0,False
991,140013,272312685,11/11/2017,12:03,pm,52,3,15,1,613555392,False,False,0,False
992,398773,293377959,11/11/2017,12:03,pm,8,1,4,0,489576680,False,False,0,False
993,367822,431811138,11/11/2017,05:12,pm,35,1,10,3,572056570,False,False,0,False
994,123374,973069637,11/11/2017,11:19,pm,90,1,36,4,419543156,False,False,0,False
995,794688,574058958,11/11/2017,10:11,pm,187,1,74,14,824696317,False,False,0,False
996,576852,352997582,11/11/2017,05:53,pm,93,2,37,0,669900332,False,False,0,False
997,727622,530104764,11/11/2017,00:20,pm,72,3,36,6,994778645,True,True,25,False
998,325110,873908092,11/11/2017,07:06,pm,30,1,4,2,517786817,False,False,0,False
999,806064,533131665,11/11/2017,06:29,pm,58,0,20,1,447831297,False,False,0,False
1000,560706,349192860,11/11/2017,12:31,pm,54,0,5,0,831951526,False,False,0,False
1001,409496,503423101,11/11/2017,03:50,pm,59,2,23,5,497461821,False,False,0,False
1002,434747,568615322,11/11/2017,04:54,pm,57,0,17,5,797599432,False,False,0,False
1003,998987,642284958,11/11/2017,10:45,pm,61,1,30,0,200372994,False,False,0,False
1004,237866,950210721,11/11/2017,02:44,pm,310,4,31,18,469500674,False,False,0,False
1005,141493,265695532,11/11/2017,00:01,pm,17,2,4,0,550527352,False,False,0,False
1006,533281,443279696,11/11/2017,12:25,pm,73,1,29,5,741388796,False,False,0,False
1007,827218,489113029,11/11/2017,10:30,pm,85,1,17,7,515726161,False,False,0,False
1008,453786,672859307,11/11/2017,00:56,pm,337,0,151,23,522292224,True,True,35,False
1009,507051,371676901,11/11/2017,08:23,pm,109,2,21,4,740464703,False,False,0,False
1010,126700,251987236,11/11/2017,02:29,pm,26,2,7,1,677010619,False,False,0,False
1011,844424,844291018,11/11/2017,10:55,pm,95,1,4,9,650889385,True,True,5,False
1012,647678,855664825,11/11/2017,09:38,pm,119,1,59,4,779996244,False,False,0,False
1013,403695,987130018,11/11/2017,03:30,pm,4,0,1,0,375533698,False,False,0,False
1014,927836,118894411,11/11/2017,06:19,pm,105,0,10,10,382546485,True,False,0,False
1015,466074,506894495,11/11/2017,09:53,pm,207,4,31,16,804609254,False,False,0,False
1016,245445,311193225,11/11/2017,10:00,pm,54,1,2,1,630555393,False,False,0,False
1017,466338,281120033,11/11/2017,01:52,pm,144,1,50,14,966727565,False,False,0,False
1018,989396,749056962,11/11/2017,02:04,pm,32,1,8,2,122361946,False,False,0,False
1019,188948,676096880,11/11/2017,12:37,pm,33,1,1,2,766172323,False,False,0,False
1020,509710,894515113,11/11/2017,06:19,pm,242,0,60,16,762233435,True,False,0,False
1021,215829,604444825,11/11/2017,06:37,pm,86,0,8,7,138758719,False,False,0,False
1022,603800,261922397,11/11/2017,10:14,pm,30,0,7,2,349104683,False,False,0,False
1023,495328,308047869,11/11/2017,04:34,pm,36,0,12,3,430520815,False,False,0,False
1024,944093,667062606,11/11/2017,08:45,pm,0,0,0,0,210579518,False,False,0,False
1025,972719,913279352,11/11/2017,11:55,pm,43,0,21,3,528056848,False,False,0,False
1026,801538,632951091,11/11/2017,12:22,pm,43,0,19,4,780973707,True,True,15,False
1027,802655,639250370,11/11/2017,10:13,pm,32,1,14,0,258198047,False,False,0,False
1028,929920,949943149,11/11/2017,04:09,pm,95,4,47,5,698593007,True,False,0,False
1029,538082,640184825,11/11/2017,11:45,pm,85,1,17,5,981713355,False,False,0,False
1030,353145,763583733,11/11/2017,03:56,pm,113,1,56,4,858034003,False,False,0,False
1031,908749,196616456,11/11/2017,04:58,pm,111,1,11,7,497461821,False,False,0,False
1032,405064,563533707,11/11/2017,11:15,pm,151,2,30,7,834132714,False,False,0,False
1033,473760,855145812,11/11/2017,05:56,pm,40,1,8,2,185596874,False,False,0,False
1034,669714,966612368,11/11/2017,01:18,pm,65,1,22,1,804609254,False,False,0,False
1035,602104,614094321,11/11/2017,05:59,pm,118,1,5,2,533914427,False,False,0,False
1036,347208,678016224,11/11/2017,03:08,pm,14,2,0,0,326528874,False,False,0,False
1037,737423,410536413,11/11/2017,05:05,pm,182,0,27,14,262140028,False,False,0,False
1038,820392,803006580,11/11/2017,00:53,pm,39,0,7,0,954140561,False,False,0,False
1039,238618,800376495,11/11/2017,06:43,pm,91,1,31,4,337584509,False,False,0,False
1040,190656,715420499,11/11/2017,04:31,pm,58,1,26,0,925500705,False,False,0,False
1041,393631,545269597,11/11/2017,00:38,pm,55,1,8,5,501751723,False,False,0,False
1042,917872,304449569,11/11/2017,01:50,pm,64,0,12,3,568574112,False,False,0,False
1043,891091,368068448,11/11/2017,08:46,pm,114,0,51,4,269933430,False,False,0,False
1044,386878,449692843,11/11/2017,01:47,pm,81,2,36,0,954140561,False,False,0,False
1045,176980,726934511,11/11/2017,11:23,pm,78,0,35,5,496572091,False,False,0,False
1046,657492,212351973,11/11/2017,11:45,pm,59,0,29,3,140130777,False,False,0,False
1047,774016,316421033,11/11/2017,03:07,pm,36,0,12,1,200372994,False,False,0,False
1048,257791,614805106,11/11/2017,03:49,pm,104,1,15,9,459673654,False,False,0,False
1049,236006,573590298,11/11/2017,10:59,pm,65,0,19,2,453762228,False,False,0,False
1050,958491,467734647,11/11/2017,04:49,pm,174,1,26,17,760062606,False,False,0,False
1051,129940,515944957,11/11/2017,07:19,pm,48,1,7,0,399114865,False,False,0,False
1052,112262,341635343,11/11/2017,10:14,pm,34,0,8,1,966727565,False,False,0,False
1053,150762,878924368,11/11/2017,06:09,pm,45,0,13,4,926144922,False,False,0,False
1054,117096,683730970,11/11/2017,08:36,pm,216,2,108,12,145497977,False,False,0,False
1055,873723,346054907,11/11/2017,07:28,pm,21,1,4,1,914472279,False,False,0,False
1056,425871,815248531,11/11/2017,12:19,pm,112,2,28,8,153297709,False,False,0,False
1057,374204,159950914,11/11/2017,06:23,pm,37,1,9,1,654429290,False,False,0,False
1058,888092,311101141,11/11/2017,04:50,pm,108,2,16,6,831943790,False,False,0,False
1059,659622,873919936,11/11/2017,03:07,pm,36,1,18,1,999485930,False,False,0,False
1060,712358,960490117,11/11/2017,11:36,pm,156,0,46,3,166434724,False,False,0,False
1061,180969,322743438,11/11/2017,10:00,pm,162,1,81,3,131451809,False,False,0,False
1062,538693,187828404,11/11/2017,01:57,pm,20,1,4,0,131451809,False,False,0,False
1063,524359,113079721,11/11/2017,02:49,pm,71,0,3,2,349104683,False,False,0,False
1064,751309,249532801,11/11/2017,02:18,pm,83,2,16,5,948983044,False,False,0,False
1065,113209,171387214,11/11/2017,12:21,pm,110,0,55,11,290214736,False,False,0,False
1066,262597,156128592,11/11/2017,02:07,pm,230,0,69,9,172956790,False,False,0,False
1067,574362,404488776,11/11/2017,07:18,pm,127,2,25,3,429683459,False,False,0,False
1068,844847,829113535,11/11/2017,07:42,pm,130,1,65,7,872181336,False,False,0,False
1069,728098,763660972,11/11/2017,06:59,pm,81,3,28,1,570567279,False,False,0,False
1070,895163,333545122,11/11/2017,02:47,pm,122,2,48,9,789592835,False,False,0,False
1071,270422,370984605,11/11/2017,05:28,pm,177,0,53,10,399049126,False,False,0,False
1072,501563,545116383,11/11/2017,10:15,pm,16,1,3,0,153297709,False,False,0,False
1073,300443,335374672,11/11/2017,04:58,pm,180,3,63,9,487590998,False,False,0,False
1074,578816,413350661,11/11/2017,02:47,pm,88,0,17,3,651399540,False,False,0,False
1075,408633,960688448,11/11/2017,03:00,pm,117,1,35,2,285121837,False,False,0,False
1076,150731,163236122,11/11/2017,09:29,pm,154,0,61,9,421180437,False,False,0,False
1077,422756,339795531,11/11/2017,07:23,pm,114,0,17,5,232055500,False,False,0,False
1078,144222,736715392,11/11/2017,06:57,pm,30,0,12,2,756105925,False,False,0,False
1079,560765,131208779,11/11/2017,00:12,pm,59,1,2,5,553535281,False,False,0,False
1080,494242,163467323,11/11/2017,01:33,pm,39,0,3,0,156950377,False,False,0,False
1081,303413,852632872,11/11/2017,11:30,pm,114,0,17,9,791840249,False,False,0,False
1082,506780,832946400,11/11/2017,08:13,pm,102,0,20,4,569238009,False,False,0,False
1083,854162,513692477,11/11/2017,07:38,pm,61,1,3,0,925722825,False,False,0,False
1084,377771,250755623,11/11/2017,04:22,pm,118,0,5,9,308785043,False,False,0,False
1085,329239,805419398,11/11/2017,03:04,pm,161,4,72,16,555044039,False,False,0,False
1086,443400,761534124,11/11/2017,03:37,pm,20,1,3,1,797599432,True,False,0,False
1087,168236,289768056,11/11/2017,09:58,pm,17,3,2,0,948942202,False,False,0,False
1088,716565,390754490,11/11/2017,11:42,pm,108,0,21,4,631042121,False,False,0,False
1089,728592,632257160,11/11/2017,06:05,pm,129,1,45,2,953043456,False,False,0,False
1090,934168,961561701,11/11/2017,07:38,pm,30,2,9,0,501751257,False,False,0,False
1091,845452,661301150,11/11/2017,05:53,pm,3,1,1,0,781731161,True,False,0,False
1092,695385,823843227,11/11/2017,05:39,pm,164,2,49,4,798678963,False,False,0,False
1093,912447,779135837,11/11/2017,02:33,pm,162,1,32,12,837897837,False,False,0,False
1094,934985,184247384,11/11/2017,03:50,pm,22,0,4,1,482344443,False,False,0,False
1095,404653,130107826,11/11/2017,12:09,pm,113,1,11,4,458527391,False,False,0,False
1096,294890,241975326,11/11/2017,11:27,pm,139,1,13,11,545386643,False,False,0,False
1097,577128,640629629,11/11/2017,00:31,pm,118,0,23,7,733058244,False,False,0,False
1098,211081,234163925,11/11/2017,05:22,pm,80,2,32,4,804609254,False,False,0,False
1099,546175,467307212,11/11/2017,00:21,pm,129,0,64,10,320759393,True,False,0,False
1100,913704,306837108,11/11/2017,02:51,pm,162,1,8,1,696209999,False,False,0,False
1101,412647,733630196,11/11/2017,11:35,pm,49,1,7,1,139299450,False,False,0,False
1102,802679,690181743,11/11/2017,07:19,pm,39,0,17,2,717228708,False,False,0,False
1103,276903,743016726,11/11/2017,12:20,pm,91,1,4,9,522292224,False,False,0,False
1104,970385,314259930,11/11/2017,03:26,pm,218,2,65,15,161320962,False,False,0,False
1105,283608,410449087,11/11/2017,06:19,pm,54,2,8,4,287002585,False,False,0,False
1106,288530,186191524,11/11/2017,12:22,pm,220,0,11,11,595788808,False,False,0,False
1107,508092,616566620,11/11/2017,10:23,pm,50,2,20,5,237859352,False,False,0,False
1108,348115,971990265,11/11/2017,01:50,pm,81,1,12,4,156950377,False,False,0,False
1109,791661,172328856,11/11/2017,05:55,pm,121,0,36,7,242929152,False,False,0,False
1110,894752,351999039,11/11/2017,04:14,pm,172,1,77,13,999485930,False,False,0,False
1111,687070,948647052,11/11/2017,11:22,pm,77,0,7,6,723527339,False,False,0,False
1112,650375,731234661,11/11/2017,05:08,pm,34,3,17,0,206521432,False,False,0,False
1113,374304,644181436,11/11/2017,09:48,pm,157,0,23,9,734673283,False,False,0,False
1114,651166,819596291,11/11/2017,04:49,pm,69,0,10,6,990437739,False,False,0,False
1115,453562,473039216,11/11/2017,11:57,pm,54,1,24,1,562296983,False,False,0,False
1116,437787,448890362,11/11/2017,02:11,pm,96,1,14,1,940077636,False,False,0,False
1117,731101,840215684,11/11/2017,05:54,pm,0,0,0,0,674848937,False,False,0,False
1118,963610,487775227,11/11/2017,12:38,pm,87,1,4,8,549277747,False,False,0,False
1119,869172,954987683,11/11/2017,05:35,pm,201,2,20,18,609475176,False,False,0,False
1120,640724,877861128,11/11/2017,01:43,pm,57,2,22,2,383374723,False,False,0,False
1121,986656,304767554,11/11/2017,09:36,pm,30,0,9,0,571156288,False,False,0,False
1122,716927,393577058,11/11/2017,04:06,pm,91,1,18,8,436701951,False,False,0,False
1123,536020,380574976,11/11/2017,11:42,pm,5,2,0,0,442626538,False,False,0,False
1124,879656,952892700,11/11/2017,09:32,pm,151,1,45,7,362834953,True,False,0,False
1125,836283,697904206,11/11/2017,03:37,pm,139,1,69,13,900880529,False,False,0,False
1126,620846,233894205,11/11/2017,11:55,pm,8,1,1,0,671567487,False,False,0,False
1127,262171,438941330,11/11/2017,09:28,pm,147,0,73,7,568574112,True,False,0,False
1128,752607,306607803,11/11/2017,10:15,pm,35,0,15,0,560271864,False,False,0,False
1129,603282,408653209,11/11/2017,12:02,pm,55,0,24,1,572056570,True,False,0,False
1130,298587,676483609,11/11/2017,06:56,pm,135,0,27,13,499647234,False,False,0,False
1131,221941,946516374,11/11/2017,02:04,pm,78,1,15,7,489576680,False,False,0,False
1132,251148,706332343,11/11/2017,07:29,pm,134,4,6,1,978017467,False,False,0,False
1133,474309,831876921,11/11/2017,10:37,pm,48,0,4,2,790202097,False,False,0,False
1134,743546,649061846,11/11/2017,05:03,pm,169,0,16,11,497461821,False,False,0,False
1135,626927,368432975,11/11/2017,03:10,pm,89,0,8,3,558855063,False,False,0,False
1136,113956,399033790,11/11/2017,04:36,pm,141,0,21,9,957768981,False,False,0,False
1137,139124,905059141,11/11/2017,08:13,pm,160,3,56,11,459689685,False,False,0,False
1138,924950,931183054,11/11/2017,11:30,pm,5,1,1,0,262140028,False,False,0,False
1139,942193,371928039,11/11/2017,12:06,pm,0,1,0,0,671567487,False,False,0,False
1140,233239,154638313,11/11/2017,02:16,pm,75,1,15,5,860433462,False,False,0,False
1141,483460,606053462,11/11/2017,06:24,pm,134,0,67,2,953043456,False,False,0,False
1142,835552,599649293,11/11/2017,08:50,pm,58,2,17,2,298225462,False,False,0,False
1143,308165,788395441,11/11/2017,09:49,pm,31,2,4,0,797882521,False,False,0,False
1144,362274,503629837,11/11/2017,09:57,pm,64,0,9,3,586288334,False,False,0,False
1145,990932,424744689,11/11/2017,06:57,pm,174,1,78,17,723474042,False,False,0,False
1146,565173,276003961,11/11/2017,01:37,pm,39,0,19,3,789592835,False,False,0,False
1147,341188,839795250,11/11/2017,07:00,pm,74,0,14,3,647111559,False,False,0,False
1148,811745,791007537,11/11/2017,01:31,pm,89,4,26,0,283340869,False,False,0,False
1149,784893,392664848,11/11/2017,01:43,pm,280,3,70,25,953356189,False,False,0,False
1150,658163,253419972,11/11/2017,07:35,pm,120,3,48,3,978017467,False,False,0,False
1151,261978,932998208,11/11/2017,00:09,pm,1,1,0,0,431088599,False,False,0,False
1152,692606,292246997,11/11/2017,07:01,pm,120,1,18,8,210817164,False,False,0,False
1153,873777,178456392,11/11/2017,10:38,pm,21,0,7,1,128266347,False,False,0,False
1154,158087,998661619,11/11/2017,11:28,pm,22,0,2,1,989323853,False,False,0,False
1155,695708,748606704,11/11/2017,12:36,pm,237,3,106,2,953356189,False,False,0,False
1156,372154,230731312,11/11/2017,02:51,pm,147,1,51,7,185620661,False,False,0,False
1157,166383,821144093,11/11/2017,01:32,pm,12,1,2,0,206357582,False,False,0,False
1158,399645,198490956,11/11/2017,00:44,pm,108,1,32,10,571156288,False,False,0,False
1159,441637,717803452,11/11/2017,02:16,pm,24,2,6,0,681174482,False,False,0,False
1160,879300,315159614,11/11/2017,10:30,pm,103,2,25,3,484342250,False,False,0,False
1161,908188,989988664,11/11/2017,11:17,pm,77,0,38,2,549129359,False,False,0,False
1162,298683,300697254,11/11/2017,06:20,pm,101,1,45,4,439191690,False,False,0,False
1163,187450,292573755,11/11/2017,12:25,pm,109,1,27,9,829583520,False,False,0,False
1164,450128,513126653,11/11/2017,07:24,pm,71,2,17,7,663594931,False,False,0,False
1165,574191,362649196,11/11/2017,08:16,pm,70,1,10,7,138758719,False,False,0,False
1166,131795,181163913,11/11/2017,04:50,pm,46,1,9,1,842318862,False,False,0,False
1167,911076,666680338,11/11/2017,09:25,pm,32,0,14,0,533914427,True,False,0,False
1168,812826,724069005,11/11/2017,02:40,pm,120,0,12,1,331676477,False,False,0,False
1169,532579,890055334,11/11/2017,00:33,pm,22,1,2,1,732822576,False,False,0,False
1170,525786,377273947,11/11/2017,04:52,pm,35,3,5,0,638779430,False,False,0,False
1171,352017,617935837,11/11/2017,07:43,pm,15,1,3,1,941146322,False,False,0,False
1172,929416,778218504,11/11/2017,07:32,pm,94,0,14,5,741397487,False,False,0,False
1173,716772,917902169,11/11/2017,00:09,pm,1,1,0,0,702362799,False,False,0,False
1174,536526,692530110,11/11/2017,05:03,pm,11,0,0,0,726245914,False,False,0,False
1175,667225,141896848,11/11/2017,01:27,pm,18,2,6,1,630547142,False,False,0,False
1176,254026,710399250,11/11/2017,12:51,pm,108,0,21,5,398305041,False,False,0,False
1177,395639,394106874,11/11/2017,01:07,pm,0,2,0,0,823033167,False,False,0,False
1178,897581,566673994,11/11/2017,01:34,pm,214,1,96,12,662638612,False,False,0,False
1179,832618,438490160,11/11/2017,04:28,pm,59,0,29,2,383374723,False,False,0,False
1180,400882,415446250,11/11/2017,08:03,pm,74,0,29,6,835954508,True,True,40,False
1181,613633,743600181,11/11/2017,11:46,pm,66,1,3,3,163103974,False,False,0,False
1182,340871,943128561,11/11/2017,02:46,pm,274,2,13,13,458679435,False,False,0,False
1183,220949,558778330,11/11/2017,08:30,pm,80,1,40,8,122648031,False,False,0,False
1184,205428,584897285,11/11/2017,11:31,pm,38,1,11,0,569238009,False,False,0,False
1185,299863,775604713,11/11/2017,09:10,pm,111,1,33,11,835954508,False,False,0,False
1186,486077,146958613,11/11/2017,05:10,pm,93,1,13,0,996623073,False,False,0,False
1187,638529,541958772,11/11/2017,01:37,pm,59,1,2,1,704684579,False,False,0,False
1188,789328,138195354,11/11/2017,00:19,pm,49,1,24,1,210362123,False,False,0,False
1189,122188,335393065,11/11/2017,05:40,pm,56,0,28,1,487590998,False,False,0,False
1190,805219,191946775,11/11/2017,08:10,pm,73,1,3,5,810913610,False,False,0,False
1191,174110,248364346,11/11/2017,03:00,pm,10,2,0,1,487917912,False,False,0,False
1192,380289,259361309,11/11/2017,12:36,pm,29,0,11,2,468349702,False,False,0,False
1193,688279,166569776,11/11/2017,11:10,pm,173,1,8,5,153049529,False,False,0,False
